Data Source,World Development Indicators,,,,,,,,,,,,,,,,,,,,,,,,,,,,,,,,,,,,,,,,,,,,,,,,,,,,,,,,,,,,,,
,,,,,,,,,,,,,,,,,,,,,,,,,,,,,,,,,,,,,,,,,,,,,,,,,,,,,,,,,,,,,,,
Last Updated Date,7/1/20,,,,,,,,,,,,,,,,,,,,,,,,,,,,,,,,,,,,,,,,,,,,,,,,,,,,,,,,,,,,,,
,,,,,,,,,,,,,,,,,,,,,,,,,,,,,,,,,,,,,,,,,,,,,,,,,,,,,,,,,,,,,,,
Country Name,Country Code,Indicator Name,Indicator Code,1960,1961,1962,1963,1964,1965,1966,1967,1968,1969,1970,1971,1972,1973,1974,1975,1976,1977,1978,1979,1980,1981,1982,1983,1984,1985,1986,1987,1988,1989,1990,1991,1992,1993,1994,1995,1996,1997,1998,1999,2000,2001,2002,2003,2004,2005,2006,2007,2008,2009,2010,2011,2012,2013,2014,2015,2016,2017,2018,2019
Aruba,ABW,Access to electricity (% of population),EG.ELC.ACCS.ZS,,,,,,,,,,,,,,,,,,,,,,,,,,,,,,,,,,,,,,,,,91.660398,100,100,100,100,100,100,100,100,100,93.35629215,100,100,100,100,100,100,100,100,
Afghanistan,AFG,Access to electricity (% of population),EG.ELC.ACCS.ZS,,,,,,,,,,,,,,,,,,,,,,,,,,,,,,,,,,,,,,,,,,,,,,23,28.56097412,34.25324631,42.4,45.67055511,42.7,43.22201891,69.1,68.93326569,89.5,71.5,97.7,97.7,98.71320343,
Angola,AGO,Access to electricity (% of population),EG.ELC.ACCS.ZS,,,,,,,,,,,,,,,,,,,,,,,,,,,,,,,,,,,,,,,,,,20,25.05605698,26.13858986,27.19790077,28.2321949,29.25037956,37.5,31.28475761,32.32411957,33.39371109,34.6,35.66650009,36.87238312,32,42,40.66801834,41.96289444,43.25925827,
Albania,ALB,Access to electricity (% of population),EG.ELC.ACCS.ZS,,,,,,,,,,,,,,,,,,,,,,,,,,,,,,,,,,,,,,,,,,,,,,,,,,,,,99.9,100,100,100,100,100,100,
Andorra,AND,Access to electricity (% of population),EG.ELC.ACCS.ZS,,,,,,,,,,,,,,,,,,,,,,,,,,,,,,,100,100,100,100,100,100,100,100,100,100,100,100,100,100,100,100,100,100,100,100,100,100,100,100,100,100,100,100,100,
Arab World,ARB,Access to electricity (% of population),EG.ELC.ACCS.ZS,,,,,,,,,,,,,,,,,,,,,,,,,,,,,,,,,,,,,,77.29785071,78.3027794,78.9808612,78.4793637,80.02304688,77.99911116,79.30631056,79.53718399,80.57472755,84.6212059,82.92687844,83.6449921,84.27092127,86.95999096,87.19947428,87.51226024,88.12988133,87.27532251,88.72009737,89.3086017,90.28363756,89.28685622,
United Arab Emirates,ARE,Access to electricity (% of population),EG.ELC.ACCS.ZS,,,,,,,,,,,,,,,,,,,,,,,,,,,,,,,100,100,100,100,100,100,100,100,100,100,100,100,100,100,100,100,100,100,100,100,100,100,100,100,100,100,100,100,100,
Argentina,ARG,Access to electricity (% of population),EG.ELC.ACCS.ZS,,,,,,,,,,,,,,,,,,,,,,,,,,,,,,,,,,,,,,,,,,95.51106347,96.10791016,96.38489532,96.63864899,96.86739349,97.08002472,97.28813171,97.5032959,97.73710632,98.82,99.27869415,99.49785614,99.47655487,100,99.82711792,99.9591217,100,100,
Armenia,ARM,Access to electricity (% of population),EG.ELC.ACCS.ZS,,,,,,,,,,,,,,,,,,,,,,,,,,,,,,,,,,,,,,,,,98.9,100,98,99.2390213,99.29135895,99.8,99.32989502,99.33657837,99.35032654,99.38271332,99.8,99.83049011,99.89702606,99.89428711,99.95728302,100,100,100,100,
American Samoa,ASM,Access to electricity (% of population),EG.ELC.ACCS.ZS,,,,,,,,,,,,,,,,,,,,,,,,,,,,,,,,,,,,,,,,,,,,,,,,,,,,,,,,,,,,
Antigua and Barbuda,ATG,Access to electricity (% of population),EG.ELC.ACCS.ZS,,,,,,,,,,,,,,,,,,,,,,,,,,,,,,,,,,,,,,,,,,,,,,92.2,100,100,100,98.37036896,98.48865509,94.55201403,100,100,100,100,100,100,100,
Australia,AUS,Access to electricity (% of population),EG.ELC.ACCS.ZS,,,,,,,,,,,,,,,,,,,,,,,,,,,,,,,100,100,100,100,100,100,100,100,100,100,100,100,100,100,100,100,100,100,100,100,100,100,100,100,100,100,100,100,100,
Austria,AUT,Access to electricity (% of population),EG.ELC.ACCS.ZS,,,,,,,,,,,,,,,,,,,,,,,,,,,,,,,100,100,100,100,100,100,100,100,100,100,100,100,100,100,100,100,100,100,100,100,100,100,100,100,100,100,100,100,100,
Azerbaijan,AZE,Access to electricity (% of population),EG.ELC.ACCS.ZS,,,,,,,,,,,,,,,,,,,,,,,,,,,,,,,,,,,,,,,,97,98.90822245,98.63769531,100,99.0275116,99.18981171,99.32710266,99.5,99.56493378,99.68865204,99.83100891,99.93829346,99.9,100,100,100,100,100,100,100,
Burundi,BDI,Access to electricity (% of population),EG.ELC.ACCS.ZS,,,,,,,,,,,,,,,,,,,,,,,,,,,,,,,,,,,,,,1.899384141,3.9,2.624150038,2.980748415,3.327531099,3.660028934,3.973772287,4.26429224,3.207317073,4.779187679,5.024056435,4.8,5.546556473,5.3,6.189968586,6.5,6.9,7,8.631607056,9.637499809,9.3,11.02425194,
Belgium,BEL,Access to electricity (% of population),EG.ELC.ACCS.ZS,,,,,,,,,,,,,,,,,,,,,,,,,,,,,,,100,100,100,100,100,100,100,100,100,100,100,100,100,100,100,100,100,100,100,100,100,100,100,100,100,100,100,100,100,
Benin,BEN,Access to electricity (% of population),EG.ELC.ACCS.ZS,,,,,,,,,,,,,,,,,,,,,,,,,,,,,,,,,,,,,14.5,18.06005669,19.17554474,20.29015541,21.39941978,21.9,23.58403397,24.65044403,25.69363022,26.71179771,27.9,28.71139336,29.71598816,30.73922729,34.2,36.9,38.4,35.62862778,34.1,37.70040131,38.97025299,34.5,41.52923965,
Burkina Faso,BFA,Access to electricity (% of population),EG.ELC.ACCS.ZS,,,,,,,,,,,,,,,,,,,,,,,,,,,,,,,,,,6.1,6.176669598,6.667108536,7.159942627,7.655770779,8.154346466,6.9,9.144398689,9.626935959,10.09518814,11.4,10.97096062,11.37221718,11.75736523,12.13798904,12.52567101,12.93199825,13.1,15.03984833,15.43811321,15.59590626,19.2,16.30467415,16.8605938,17.50648117,14.4,
Bangladesh,BGD,Access to electricity (% of population),EG.ELC.ACCS.ZS,,,,,,,,,,,,,,,,,,,,,,,,,,,,,,,,14.29,11.96657467,14.53930664,17.8,19.68896294,22.26708412,22.4,27.43206215,30.01504707,32,35.16051102,37.71405029,40.24883652,40.6,44.23,50.52510246,46.5,52.65625763,55.14787292,55.26,59.6,62.84700394,61.5,62.4,73.12796783,75.92,88,85.16042328,
Bulgaria,BGR,Access to electricity (% of population),EG.ELC.ACCS.ZS,,,,,,,,,,,,,,,,,,,,,,,,,,,,,,,100,100,100,100,100,100,100,100,100,100,100,100,100,100,100,100,100,100,100,100,100,100,100,100,100,100,100,100,100,
Bahrain,BHR,Access to electricity (% of population),EG.ELC.ACCS.ZS,,,,,,,,,,,,,,,,,,,,,,,,,,,,,,,100,100,100,100,100,100,100,100,100,100,100,100,100,100,100,100,100,100,100,100,100,100,100,100,100,100,100,100,100,
"Bahamas, The",BHS,Access to electricity (% of population),EG.ELC.ACCS.ZS,,,,,,,,,,,,,,,,,,,,,,,,,,,,,,,100,100,100,100,100,100,100,100,100,100,100,100,100,100,100,100,100,100,100,100,100,100,100,100,100,100,100,100,100,
Bosnia and Herzegovina,BIH,Access to electricity (% of population),EG.ELC.ACCS.ZS,,,,,,,,,,,,,,,,,,,,,,,,,,,,,,,,,,,,,,,,,100,99.4,98.5,100,100,100,99.38727699,99.7,100,100,100,99.70578055,100,99.5,100,99.7,100,100,100,
Belarus,BLR,Access to electricity (% of population),EG.ELC.ACCS.ZS,,,,,,,,,,,,,,,,,,,,,,,,,,,,,,,100,100,100,100,100,100,100,100,100,100,100,100,100,100,100,100,100,100,100,100,100,100,100,100,100,100,100,100,100,
Belize,BLZ,Access to electricity (% of population),EG.ELC.ACCS.ZS,,,,,,,,,,,,,,,,,,,,,,,,,,,,,,,,67,70.3068161,71.4197998,72.53398132,73.64995575,74.76833344,75.88969421,77.0138092,78.13704681,79,80.36300659,81.45680237,82.53183746,83.58364868,84.61044312,90.98853086,86.62728882,87.64050293,88.67237091,89.91722437,91.68173599,91.99225616,93.19063568,94.42461395,91.8,96.96377563,98.25115204,99.54001617,
Bermuda,BMU,Access to electricity (% of population),EG.ELC.ACCS.ZS,,,,,,,,,,,,,,,,,,,,,,,,,,,,,,,100,100,100,100,100,100,100,100,100,100,100,100,100,100,100,100,100,100,100,100,100,100,100,100,100,100,100,100,100,
Bolivia,BOL,Access to electricity (% of population),EG.ELC.ACCS.ZS,,,,,,,,,,,,,,,,,,,,,,,,,,,,,,,,,59.84659576,61.20978928,64.1,63.94037628,71,67.330431,71.2,70.929888,69.963045,69.258539,63.996855,72.3,76.12599945,68.288209,76.211281,80.156567,84.674991,86.765597,88.0331955,88.335943,90.387375,89.505686,90.038729,91.522822,91.8,91.8,95.5853653,
Brazil,BRA,Access to electricity (% of population),EG.ELC.ACCS.ZS,,,,,,,,,,,,,,,,,,,,,,,,,,,,,,,87.475116,90.10422516,88.803833,89.999927,91.52645111,91.728598,92.867095,93.354139,94.193812,94.76296,94.41277313,96.016528,96.652996,96.980098,96.765107,97.093513,97.594314,98.125382,98.526625,98.856938,98.97673798,99.328691,99.519494,99.575151,99.650247,99.710902,99.7,100,100,
Barbados,BRB,Access to electricity (% of population),EG.ELC.ACCS.ZS,,,,,,,,,,,,,,,,,,,,,,,,,,,,,,,100,100,100,100,100,100,100,100,100,100,100,100,100,100,99.99862671,99.98682404,100,100,100,100,100,100,100,100,100,100,100,100,100,
Brunei Darussalam,BRN,Access to electricity (% of population),EG.ELC.ACCS.ZS,,,,,,,,,,,,,,,,,,,,,,,,,,,,,,,100,100,100,100,100,100,100,100,100,100,100,100,100,100,100,100,100,100,100,100,100,100,100,100,100,100,100,100,100,
Bhutan,BTN,Access to electricity (% of population),EG.ELC.ACCS.ZS,,,,,,,,,,,,,,,,,,,,,,,,,,,,,,,,,,,,,,,,,31.15,40.19872284,44.14563751,41.1,51.97872925,59.80811164,59.72245407,71.8,67.44808197,71.33306885,73.28291087,81.80084229,91.5,87.3388443,91.35092163,95.46472931,99.59632874,97.7,100,
Botswana,BWA,Access to electricity (% of population),EG.ELC.ACCS.ZS,,,,,,,,,,,,,,,,,,,,,,,,,,,,,,,,10.1,10.6452713,12.71876431,14.79345417,16.8699398,18.94882202,21.03069687,23.11532021,25.19906616,27.27746582,24.8,31.40035057,33.43589401,35.44821548,37.43552017,39.40671539,41.37338638,43.1,45.33948898,52.68436813,53.24,53.38058853,53.69979477,55.89428711,58.1154747,60.35446548,62.60235214,64.85172272,
Central African Republic,CAF,Access to electricity (% of population),EG.ELC.ACCS.ZS,,,,,,,,,,,,,,,,,,,,,,,,,,,,,,,,,,,,3,3.087579966,3.690220594,4.295608997,4.900120735,6,6.088635921,6.663701057,7.220011711,7.753098488,8.26116848,7.805169325,9.240564346,9.735059738,10.24819851,9.8,13.15329456,15.97435284,18.55493927,21.18234444,24.10929489,27.08800697,29.83448982,32.42039871,
Canada,CAN,Access to electricity (% of population),EG.ELC.ACCS.ZS,,,,,,,,,,,,,,,,,,,,,,,,,,,,,,,100,100,100,100,100,100,100,100,100,100,100,100,100,100,100,100,100,100,100,100,100,100,100,100,100,100,100,100,100,
Central Europe and the Baltics,CEB,Access to electricity (% of population),EG.ELC.ACCS.ZS,,,,,,,,,,,,,,,,,,,,,,,,,,,,,,,100,100,100,100,100,100,100,100,100,100,100,100,100,100,100,100,100,100,100,100,100,100,100,100,100,100,99.8278347,100,100,
Switzerland,CHE,Access to electricity (% of population),EG.ELC.ACCS.ZS,,,,,,,,,,,,,,,,,,,,,,,,,,,,,,,100,100,100,100,100,100,100,100,100,100,100,100,100,100,100,100,100,100,100,100,100,100,100,100,100,100,100,100,100,
Channel Islands,CHI,Access to electricity (% of population),EG.ELC.ACCS.ZS,,,,,,,,,,,,,,,,,,,,,,,,,,,,,,,,,,,,,,,,,,,,,,,,,,,,,,,,,,,,
Chile,CHL,Access to electricity (% of population),EG.ELC.ACCS.ZS,,,,,,,,,,,,,,,,,,,,,,,,,,,,,,,92.257427,94.7213974,94.560057,95.20349884,95.44604492,95.69038391,95.617315,96.1868515,97.241124,96.69093323,97.938687,97.17362976,97.39578247,98.782325,97.77936554,97.93452454,99.368108,98.20809937,98.34968567,99.593662,99.38300323,99.588193,100,99.6,100,99.714844,100,100,100,
China,CHN,Access to electricity (% of population),EG.ELC.ACCS.ZS,,,,,,,,,,,,,,,,,,,,,,,,,,,,,,,,,,,,,,,,,96.90710449,97.21813965,97.51490021,97.79290009,98.04767609,98.2774353,98.49108124,98.70021057,98.91639709,99.15122223,99.7,99.87438202,99.9748764,100,100,100,100,100,100,
Cote d'Ivoire,CIV,Access to electricity (% of population),EG.ELC.ACCS.ZS,,,,,,,,,,,,,,,,,,,,,,,,,,,,,,,36.65949249,37.78728104,38.91461563,40.03924942,36.5,42.2695694,43.36985016,44.45660019,45.52711487,48.2,47.61742401,48.64391708,51.4,50.67906189,51.69551468,58.9,53.74567795,54.78623962,55.83730316,56.8971138,57.96392822,59.03598785,55.8,61.18886185,61.9,62.6,64.3,65.6,66.99118042,
Cameroon,CMR,Access to electricity (% of population),EG.ELC.ACCS.ZS,,,,,,,,,,,,,,,,,,,,,,,,,,,,,,,,29,32.67615509,33.81801224,34.96106339,36.10591507,37.25316238,38.40340042,40.7,40.70849609,41,46.2,44.11487579,45.21878433,47.1,47.35513687,49,48.2,50.47182465,51.53256226,53.25836563,53.7,54.94634247,56.16632462,56.8,58.71873474,60.0260849,61.34233475,62.66007233,
"Congo, Dem. Rep.",COD,Access to electricity (% of population),EG.ELC.ACCS.ZS,,,,,,,,,,,,,,,,,,,,,,,,,,,,,,,,,,,,,,,,,6.7,7.262416363,7.917279243,8.553387642,9.166272163,6,10.32589817,15.2,11.46742439,12.06036186,12.68352604,13.34850311,15.4,14.82291889,13.5,16.43972588,17.40341187,18.22616386,18.97766113,
"Congo, Rep.",COG,Access to electricity (% of population),EG.ELC.ACCS.ZS,,,,,,,,,,,,,,,,,,,,,,,,,,,,,,,,,,,,,,,,,,,,,,,33.8859787,35.97723007,38.07553864,37.1,42.3396759,44.52867126,41.6,49.05112076,52.38968277,60.4,60.74069595,64.70985413,68.51843262,
Colombia,COL,Access to electricity (% of population),EG.ELC.ACCS.ZS,,,,,,,,,,,,,,,,,,,,,,,,,,,,,,,89.9,90.98419952,91.30423737,91.62487793,91.94670868,91.2,92.59636688,92.92538452,93.25715637,93.58804321,95.2,94.22931671,94.53076172,94.81345367,95.07292175,96.8,95.52570343,95.73952484,96.806763,96.057229,96.788995,96.6936,97.032176,97.779418,97.790938,98.186898,98.4,98.5,99.93644714,
Comoros,COM,Access to electricity (% of population),EG.ELC.ACCS.ZS,,,,,,,,,,,,,,,,,,,,,,,,,,,,,,,,,,,,,,,,,,,,,,51.2086525,53.43353271,55.6538887,57.88130188,60.1273613,70.10408783,69.60527039,69.3,69.50240326,71.95057678,74.42545319,76.91812134,79.41969299,81.92275238,
Cabo Verde,CPV,Access to electricity (% of population),EG.ELC.ACCS.ZS,,,,,,,,,,,,,,,,,,,,,,,,,,,,,,,,,,,,,,,,,,,58.6,63.3492012,65.28292084,67,69.08421326,70.97228241,72.86741638,74.78118896,81.1,79.36858368,80.74679565,82.8270874,84.94297028,87.08556366,89.24594879,91.4152298,93.58599854,
Costa Rica,CRI,Access to electricity (% of population),EG.ELC.ACCS.ZS,,,,,,,,,,,,,,,,,,,,,,,,,,,,,,,,,,,98.10221863,98.19374847,98.28766632,98.38458252,98.4842453,98.5830307,98.67647552,98.24978,98.509188,98.695902,98.954779,99.053051,99.147523,99.217998,99.263937,99.409804,98.995734,99.232348,99.503298,99.563517,99.359291,99.409804,99.5,99.6,100,
Caribbean small states,CSS,Access to electricity (% of population),EG.ELC.ACCS.ZS,,,,,,,,,,,,,,,,,,,,,,,,,,,,,,,80.72912175,83.6421493,84.34699209,83.15383804,83.4182305,84.01346898,86.72546316,85.21529505,85.67648005,87.73403318,86.58415489,89.29904155,89.13691917,89.334446,89.84648123,90.36086844,90.78921155,91.77919054,92.93751029,92.22618941,93.33061,93.33886874,94.43145704,94.97677226,94.96034237,95.74414741,97.10167318,97.76742122,98.40160237,
Cuba,CUB,Access to electricity (% of population),EG.ELC.ACCS.ZS,,,,,,,,,,,,,,,,,,,,,,,,,,,,,,,93.45767975,93.7051239,93.95266724,94.20081329,94.45014954,94.70128632,94.95481873,95.21134186,95.4706192,95.72901154,97,96.22530365,95.5,96.66444397,96.85141754,97.01337433,97.15921783,97.30053711,97.44891357,97.61594391,97.81319427,98.05225372,98.34130096,98.67485046,99.04399109,99.43982697,99.85346222,99.92835236,100,
Curacao,CUW,Access to electricity (% of population),EG.ELC.ACCS.ZS,,,,,,,,,,,,,,,,,,,,,,,,,,,,,,,100,100,100,100,100,100,100,100,100,100,100,100,100,100,100,100,100,100,100,100,100,100,100,100,100,100,100,100,100,
Cayman Islands,CYM,Access to electricity (% of population),EG.ELC.ACCS.ZS,,,,,,,,,,,,,,,,,,,,,,,,,,,,,,,99.91555023,99.93084717,99.94639587,100,100,100,100,100,100,100,100,100,100,100,100,100,100,100,100,100,100,100,100,100,100,100,100,100,100,
Cyprus,CYP,Access to electricity (% of population),EG.ELC.ACCS.ZS,,,,,,,,,,,,,,,,,,,,,,,,,,,,,,,100,100,100,100,100,100,100,100,100,100,100,100,100,100,100,100,100,100,100,100,100,100,100,100,100,100,100,100,100,
Czech Republic,CZE,Access to electricity (% of population),EG.ELC.ACCS.ZS,,,,,,,,,,,,,,,,,,,,,,,,,,,,,,,100,100,100,100,100,100,100,100,100,100,100,100,100,100,100,100,100,100,100,100,100,100,100,100,100,100,100,100,100,
Germany,DEU,Access to electricity (% of population),EG.ELC.ACCS.ZS,,,,,,,,,,,,,,,,,,,,,,,,,,,,,,,100,100,100,100,100,100,100,100,100,100,100,100,100,100,100,100,100,100,100,100,100,100,100,100,100,100,100,100,100,
Djibouti,DJI,Access to electricity (% of population),EG.ELC.ACCS.ZS,,,,,,,,,,,,,,,,,,,,,,,,,,,,,,,,,,,,,62,56.31235886,56.34375,56.37426376,56.39942932,56.41478348,49.7,56.39816284,56.35725021,56.2913208,55.5,56.12272263,56.04322052,55.98236084,55.95172882,55.9629097,54.6,56.12973404,56.41976547,57.5311203,58.69424057,60.2,60.39544678,
Dominica,DMA,Access to electricity (% of population),EG.ELC.ACCS.ZS,,,,,,,,,,,,,,,,,,,,,,,,,,,,,,,,,,,,,,,75,79.62141418,80.9923172,82.35340881,87.7,85.02826691,86.33309174,87.61289978,88.87660217,90.13578033,90.9,92.68689728,94.0019989,95.35892487,96.76582336,98.21722412,99.704216,99.81463623,99.98151398,100,100,
Denmark,DNK,Access to electricity (% of population),EG.ELC.ACCS.ZS,,,,,,,,,,,,,,,,,,,,,,,,,,,,,,,100,100,100,100,100,100,100,100,100,100,100,100,100,100,100,100,100,100,100,100,100,100,100,100,100,100,100,100,100,
Dominican Republic,DOM,Access to electricity (% of population),EG.ELC.ACCS.ZS,,,,,,,,,,,,,,,,,,,,,,,,,,,,,,,,78.2,82.07886505,82.8731308,83.66859436,84.46585846,85.26551056,86.06816101,86.87355804,91,88.764932,89.791362,89.749814,89.173808,90.316567,90.141224,90.118148,96.876342,97.576197,97.85776,98.145414,97.898872,97.86705,98.385853,98.470979,98.560364,98.9,100,100,
Algeria,DZA,Access to electricity (% of population),EG.ELC.ACCS.ZS,,,,,,,,,,,,,,,,,,,,,,,,,,,,,,,,,,,,,,,,,,,,,,,,,,98.74726868,98.87762451,99.04978943,98.76466047,99.53858185,99.84082031,99.93136597,99.99005127,100,100,
East Asia & Pacific (excluding high income),EAP,Access to electricity (% of population),EG.ELC.ACCS.ZS,,,,,,,,,,,,,,,,,,,,,,,,,,,,,,,,,,,,,,,,,92.49099678,93.02458549,92.30798021,92.54233695,93.49929426,93.1783218,94.25348887,94.29269491,94.7415225,94.56388423,95.08797356,95.71123019,96.04336559,96.22171996,96.37909932,96.81713547,96.96623958,97.62668001,97.77079418,
Early-demographic dividend,EAR,Access to electricity (% of population),EG.ELC.ACCS.ZS,,,,,,,,,,,,,,,,,,,,,,,,,,,,,,,,,,55.01228229,55.08730013,57.04016755,58.8844982,61.03707404,62.74362579,65.71265782,65.30625621,64.81109695,68.18348555,69.31688312,70.10661223,70.89947704,72.64935007,75.35819653,75.28072153,77.22268836,78.65990204,75.24820572,81.3800183,81.89503149,82.97035706,85.74642626,87.2751265,89.61682592,90.72465217,
East Asia & Pacific,EAS,Access to electricity (% of population),EG.ELC.ACCS.ZS,,,,,,,,,,,,,,,,,,,,,,,,,,,,,,,,,,,,,,,,,93.30342289,93.77647444,93.11459474,93.32127293,94.17534623,93.88454377,94.8466,94.8800122,95.28189668,95.10767695,95.577861,96.13738594,96.43510178,96.59430813,96.73487363,97.12874889,97.26212051,97.85712331,97.98643366,
Europe & Central Asia (excluding high income),ECA,Access to electricity (% of population),EG.ELC.ACCS.ZS,,,,,,,,,,,,,,,,,,,,,,,,,,,,,,,,,,,,,,,,,,,99.83314849,99.8676747,99.83294938,99.83222821,99.85233282,99.8314307,99.85932009,99.90519328,99.89379027,99.91450796,99.94373215,99.95241688,99.96082192,98.28773372,99.9822108,99.98336818,99.98397075,
Europe & Central Asia,ECS,Access to electricity (% of population),EG.ELC.ACCS.ZS,,,,,,,,,,,,,,,,,,,,,,,,,,,,,,,100,100,100,100,100,99.99762397,99.95496082,99.94730939,99.95256376,99.85858424,99.93317562,99.93784469,99.9441936,99.95588529,99.94447567,99.93767157,99.94505856,99.93742174,99.94784688,99.96485196,99.95499773,99.96364238,99.97591499,99.97959263,99.98316661,99.26281397,99.97285619,99.99281029,99.99305849,
Ecuador,ECU,Access to electricity (% of population),EG.ELC.ACCS.ZS,,,,,,,,,,,,,,,,,,,,,,,,,,,,,,,,,,,,89.830167,91.92646027,92.32530212,92.726642,93.071434,93.52298737,93.90853882,94.27980804,94.973044,94.96161652,95.83265,96.315259,96.812618,97.206576,96.470862,97.462142,96.872699,97.194929,98.034674,98.976067,98.825883,98.7,99.2,100,
"Egypt, Arab Rep.",EGY,Access to electricity (% of population),EG.ELC.ACCS.ZS,,,,,,,,,,,,,,,,,,,,,,,,,,,,,,,,,93.4,95.42431641,95.66529846,95.5,96.15325165,96.40142059,96.65233612,96.90237427,97.7,97.38194275,97.60253906,98.8,97.98298645,99.4,99.04,98.40703583,99.8,98.70572662,99.15289307,99.45224762,99.7,99.73120117,99.8,99.3,100,100,100,
Euro area,EMU,Access to electricity (% of population),EG.ELC.ACCS.ZS,,,,,,,,,,,,,,,,,,,,,,,,,,,,,,,100,100,100,100,100,100,100,100,100,100,100,100,100,100,100,100,100,100,100,100,100,100,100,100,100,100,100,100,100,
Eritrea,ERI,Access to electricity (% of population),EG.ELC.ACCS.ZS,,,,,,,,,,,,,,,,,,,,,,,,,,,,,,,,,,,,22.9,24.71693993,25.84407425,26.97395706,28.10296249,29.22662163,30.34046555,32.2,32.52082825,33.5784111,34.61097336,35.62742615,36.63935852,37.65834427,38.69598007,39.76383972,40.87351227,42.03316879,43.23731995,44.47707367,45.74351883,47.02776718,48.32091522,49.61554337,
Spain,ESP,Access to electricity (% of population),EG.ELC.ACCS.ZS,,,,,,,,,,,,,,,,,,,,,,,,,,,,,,,100,100,100,100,100,100,100,100,100,100,100,100,100,100,100,100,100,100,100,100,100,100,100,100,100,100,100,100,100,
Estonia,EST,Access to electricity (% of population),EG.ELC.ACCS.ZS,,,,,,,,,,,,,,,,,,,,,,,,,,,,,,,100,100,100,100,100,100,100,100,100,100,100,100,100,100,100,100,100,100,100,100,100,100,100,100,100,100,100,100,100,
Ethiopia,ETH,Access to electricity (% of population),EG.ELC.ACCS.ZS,,,,,,,,,,,,,,,,,,,,,,,,,,,,,,,,,,,,,,,,,12.7,25.5699501,26.46764374,27.34658241,28.20229721,14,29.84758186,79.93088065,31.47476959,32.31053543,33.17653275,23,35.04212952,36.04441452,27.2,29,42.9,44.3,44.97995758,
European Union,EUU,Access to electricity (% of population),EG.ELC.ACCS.ZS,,,,,,,,,,,,,,,,,,,,,,,,,,,,,,,100,100,100,100,100,100,100,100,100,100,100,100,100,100,100,100,100,100,100,100,100,100,100,100,100,100,99.96019634,100,100,
Fragile and conflict affected situations,FCS,Access to electricity (% of population),EG.ELC.ACCS.ZS,,,,,,,,,,,,,,,,,,,,,,,,,,,,,,,,,,,,,,,,,34.12663716,36.71715119,39.60775315,41.94619544,41.21152553,40.54229216,44.62890171,45.93777249,46.28547401,45.43999086,46.01014529,48.84775898,50.00781629,50.99157905,51.25548627,51.41300434,54.83217951,55.44982077,55.58567218,
Finland,FIN,Access to electricity (% of population),EG.ELC.ACCS.ZS,,,,,,,,,,,,,,,,,,,,,,,,,,,,,,,100,100,100,100,100,100,100,100,100,100,100,100,100,100,100,100,100,100,100,100,100,100,100,100,100,100,100,100,100,
Fiji,FJI,Access to electricity (% of population),EG.ELC.ACCS.ZS,,,,,,,,,,,,,,,,,,,,,,,,,,,,,,,,,,,,,66.9,71.81281281,73.13360596,74.45352173,75.76808929,77.07283783,79.63,80,80.8835144,82.10697937,83.31434631,88.9,86.16,86.95561981,89.00692749,90.1521225,91.13180542,91.75,93.69126129,95.14861298,96.62377167,96,99.5933609,
France,FRA,Access to electricity (% of population),EG.ELC.ACCS.ZS,,,,,,,,,,,,,,,,,,,,,,,,,,,,,,,100,100,100,100,100,100,100,100,100,100,100,100,100,100,100,100,100,100,100,100,100,100,100,100,100,100,100,100,100,
Faroe Islands,FRO,Access to electricity (% of population),EG.ELC.ACCS.ZS,,,,,,,,,,,,,,,,,,,,,,,,,,,,,,,100,100,100,100,100,100,100,100,100,100,100,100,100,100,100,100,100,100,100,100,100,100,100,100,100,100,100,100,100,
"Micronesia, Fed. Sts.",FSM,Access to electricity (% of population),EG.ELC.ACCS.ZS,,,,,,,,,,,,,,,,,,,,,,,,,,,,,,,,,,,,,,,,,46,48.44351578,50.25143433,52.04059601,53.80653763,55.54746246,57.27227402,58.99256516,60.71991348,62.46590424,64.53152025,67.1521225,69.35610962,71.31962585,73.32995605,75.63983154,78.00147247,80.13088226,82.09972382,
Gabon,GAB,Access to electricity (% of population),EG.ELC.ACCS.ZS,,,,,,,,,,,,,,,,,,,,,,,,,,,,,,,,,,,,,,,,,73.6,76.50157166,77.43989563,78.35946655,79.2558136,81.6,80.98236847,81.83306122,82.69081879,83.56721497,92.23134613,90.49788666,89.3,86.4,88.54214478,89.64735413,90.77037048,91.90228271,93.03568268,
United Kingdom,GBR,Access to electricity (% of population),EG.ELC.ACCS.ZS,,,,,,,,,,,,,,,,,,,,,,,,,,,,,,,100,100,100,100,100,100,100,100,100,100,100,100,100,100,100,100,100,100,100,100,100,100,100,100,100,100,100,100,100,
Georgia,GEO,Access to electricity (% of population),EG.ELC.ACCS.ZS,,,,,,,,,,,,,,,,,,,,,,,,,,,,,,,,,,,,,,,,,,,99.9,98.94013977,99.01908875,97.93505412,99.11083221,99.14412689,99.18448639,99.24347687,99.33270264,99.64763641,100,99.89740753,100,99.99188995,100,100,100,
Ghana,GHA,Access to electricity (% of population),EG.ELC.ACCS.ZS,,,,,,,,,,,,,,,,,,,,,,,,,,,,,,,,,,30.6,32.14800262,34.21460724,36.28360748,38.35560226,42.6,42.50421143,43.7,46.63143539,48.67585754,48.3,52.70396423,54.68138504,55.09345008,58.59949112,60.5,62.54583359,64.2,64.06256,69.21807098,70.7,78.3,75.71823883,79.3,79,82.39457703,
Gibraltar,GIB,Access to electricity (% of population),EG.ELC.ACCS.ZS,,,,,,,,,,,,,,,,,,,,,,,,,,,,,,,100,100,100,100,100,100,100,100,100,100,100,100,100,100,100,100,100,100,100,100,100,100,100,100,100,100,100,100,100,
Guinea,GIN,Access to electricity (% of population),EG.ELC.ACCS.ZS,,,,,,,,,,,,,,,,,,,,,,,,,,,,,,,,,,,,,,,,16.4,15.53915501,16.77805328,18.00266647,19.2085247,20.39115906,20.2,22.69028473,23.82727051,24.97131348,26.13400078,27.32691574,28.56164169,26.2,31.17556,32.54036331,33.93186569,33.5,35.4,44,
"Gambia, The",GMB,Access to electricity (% of population),EG.ELC.ACCS.ZS,,,,,,,,,,,,,,,,,,,,,,,,,,,,,,,,,,17.7,18.29841995,19.95032501,21.6046257,23.26192093,24.92196274,26.58112907,34.3,29.87895203,31.50867271,27.8,34.70737839,30.4562675,37.81671524,39.35880661,40.90795517,42.47574997,47.27401352,48.90287781,50.36622238,51.5,52.85879135,54.42803192,56.04903412,56.2,60.3,
Guinea-Bissau,GNB,Access to electricity (% of population),EG.ELC.ACCS.ZS,,,,,,,,,,,,,,,,,,,,,,,,,,,,,,,,,,,,,,,,,,,,,,,14.5361991,8.024707794,9.296494484,4.7,6,13.27005482,14.68250847,16.13945961,17.2,20.29649353,23.29334831,26,28.66202164,
Equatorial Guinea,GNQ,Access to electricity (% of population),EG.ELC.ACCS.ZS,,,,,,,,,,,,,,,,,,,,,,,,,,,,,,,,,,,,,,,,,,,,,,,,,,,,66.1,65.67723083,65.84353638,66.04543304,66.27403259,66.52042389,66.77571869,67.03250122,
Greece,GRC,Access to electricity (% of population),EG.ELC.ACCS.ZS,,,,,,,,,,,,,,,,,,,,,,,,,,,,,,,100,100,100,100,100,100,100,100,100,100,100,100,100,100,100,100,100,100,100,100,100,100,100,100,100,100,100,100,100,
Grenada,GRD,Access to electricity (% of population),EG.ELC.ACCS.ZS,,,,,,,,,,,,,,,,,,,,,,,,,,,,,,,,,,,,,,,85.04,85.52648926,85.95980835,86.38331604,86.7925415,87.18300629,87.55025482,87.89247894,88.21859741,88.54019165,90,89.21614075,89.59366608,88.8,90.48232269,90.99613953,91.54555511,92.46740723,93.61727905,94.53491211,95.29198456,
Greenland,GRL,Access to electricity (% of population),EG.ELC.ACCS.ZS,,,,,,,,,,,,,,,,,,,,,,,,,,,,,,,100,100,100,100,100,100,100,100,100,100,100,100,100,100,100,100,100,100,100,100,100,100,100,100,100,100,100,100,100,
Guatemala,GTM,Access to electricity (% of population),EG.ELC.ACCS.ZS,,,,,,,,,,,,,,,,,,,,,,,,,,,,,,,,,,,,60.8,67.67890167,68.9023056,70.12845612,70.9,73.318205,73.78378296,78.667838,78.512204,77.31053925,78.4393692,83.730998,80.66029358,81.77555847,82.90946198,84.07359314,84.026414,86.53546143,87.83588409,85.494371,90.53462982,91.91514587,93.3,94.69546509,
Guam,GUM,Access to electricity (% of population),EG.ELC.ACCS.ZS,,,,,,,,,,,,,,,,,,,,,,,,,,,,,,,99.92514038,99.93928528,99.95367432,99.9686203,99.9831543,100,100,100,100,100,100,100,100,100,100,100,100,100,100,100,100,100,100,100,100,100,100,100,100,
Guyana,GUY,Access to electricity (% of population),EG.ELC.ACCS.ZS,,,,,,,,,,,,,,,,,,,,,,,,,,,,,,,,,,72.376631,70.68833923,71.32344818,71.96095276,72.60144806,73.24468994,73.88705444,74.52407837,75.15128326,75.76420593,76.35837555,76.92931366,77.5,73.38258786,78.53034973,79.06269836,77.6,82.39784241,83.78417206,85.00498199,85.98531342,86.9,88.33917236,89.71763611,90.86386108,91.84952545,
High income,HIC,Access to electricity (% of population),EG.ELC.ACCS.ZS,,,,,,,,,,,,,,,,,,,,,,,,,,,,,,,99.8137555,99.8507248,99.84291464,99.85348461,99.85792009,99.86356923,99.8646521,99.87471639,99.89196353,99.88661892,99.90109988,99.89824414,99.9040934,99.93787986,99.91404622,99.91785255,99.94342131,99.92878776,99.93317369,99.95245836,99.94476456,99.96148877,99.97101777,99.95426786,99.97685279,99.97625419,99.96792345,99.99535395,99.9973414,
"Hong Kong SAR, China",HKG,Access to electricity (% of population),EG.ELC.ACCS.ZS,,,,,,,,,,,,,,,,,,,,,,,,,,,,,,,100,100,100,100,100,100,100,100,100,100,100,100,100,100,100,100,100,100,100,100,100,100,100,100,100,100,100,100,100,
Honduras,HND,Access to electricity (% of population),EG.ELC.ACCS.ZS,,,,,,,,,,,,,,,,,,,,,,,,,,,,,,,,54.781937,58.913112,61.100156,64.733947,66.122022,61.68112,64.794754,66.859519,67.394103,67.4056015,64.2,63.141137,65.090464,67.113528,68.903309,71.266448,73.548187,76.396899,78.269685,80.984668,82.195298,83.607727,87.184881,88.653773,89.98171,91.6,86.5,91.88720703,
Heavily indebted poor countries (HIPC),HPC,Access to electricity (% of population),EG.ELC.ACCS.ZS,,,,,,,,,,,,,,,,,,,,,,,,,,,,,,,,,,,,,,,,,18.92553182,22.26669762,22.46271737,23.5721764,24.28152194,22.3203756,25.83021726,34.36345774,27.96093588,28.07761961,29.62291763,28.94274197,32.82311079,33.34104586,35.09868532,35.48035726,40.95798949,42.18439339,44.60372258,
Croatia,HRV,Access to electricity (% of population),EG.ELC.ACCS.ZS,,,,,,,,,,,,,,,,,,,,,,,,,,,,,,,,,,,,,,,,,100,100,100,100,100,100,100,100,100,100,100,100,100,100,100,100,100,100,100,
Haiti,HTI,Access to electricity (% of population),EG.ELC.ACCS.ZS,,,,,,,,,,,,,,,,,,,,,,,,,,,,,,,,,,,,31.3,29.69367599,30.29956055,30.90819168,31.51594543,33.7,31.542382,33.28925323,31.6,34.38513565,34.89645004,33.9,35.88233185,36.38006973,36.89645004,37.44306183,38.0314827,37.9,39.35278702,40.07128906,40.98445892,40.4,43.8,45.27788925,
Hungary,HUN,Access to electricity (% of population),EG.ELC.ACCS.ZS,,,,,,,,,,,,,,,,,,,,,,,,,,,,,,,100,100,100,100,100,100,100,100,100,100,100,100,100,100,100,100,100,100,100,100,100,100,100,100,100,100,100,100,100,
IBRD only,IBD,Access to electricity (% of population),EG.ELC.ACCS.ZS,,,,,,,,,,,,,,,,,,,,,,,,,,,,,,,,,,,,,,,,,83.71763312,82.76512943,85.10588426,85.75189848,86.2743548,87.18697708,88.00906275,88.69113129,89.42262763,90.57005693,91.45727306,89.20584845,92.8057976,93.15311532,93.96924837,95.23615498,95.93156419,96.86893031,97.80894963,
IDA & IBRD total,IBT,Access to electricity (% of population),EG.ELC.ACCS.ZS,,,,,,,,,,,,,,,,,,,,,,,,,,,,,,,,,,,,,,,,,73.63397161,73.32391585,74.97397449,75.73940872,75.97126689,76.42249276,77.5717723,78.84231603,78.79781768,79.6340478,80.44384203,79.0966976,82.27933715,82.57053848,83.172742,84.4425984,85.97586553,87.03783854,87.91321248,
IDA total,IDA,Access to electricity (% of population),EG.ELC.ACCS.ZS,,,,,,,,,,,,,,,,,,,,,,,,,,,,,,,,,,,,,,,36.53471577,37.95887798,34.87500746,36.876241,38.8846808,40.51622948,40.30633843,40.01038767,42.62580717,46.39337703,44.25665115,44.26949719,44.76450281,46.76082336,48.92858316,49.4559512,49.81046818,51.51450271,55.99694281,57.823681,58.91104889,
IDA blend,IDB,Access to electricity (% of population),EG.ELC.ACCS.ZS,,,,,,,,,,,,,,,,,,,,,,,,,,,,,,,,,,,,,,,53.75121098,55.09106896,54.49494012,55.21549095,55.64335381,58.01977556,56.80179835,57.28178488,57.47518937,58.53070572,58.90059018,58.12352208,57.03809801,61.78424883,61.35933802,62.42746731,61.54314174,61.55846232,66.57990969,64.60727344,66.72096495,
Indonesia,IDN,Access to electricity (% of population),EG.ELC.ACCS.ZS,,,,,,,,,,,,,,,,,,,,,,,,,,,,,,,,48.9,66.26383209,55.43,62.8,66.86,72.39,80.3,80.94,83.73,86.3,86.26,87.6,87.94,89.01,85.67686462,90.62,91.1,92.73,93.55,94.15,94.83,96,96.46425831,97.01,97.53736744,97.62,98.14,98.51,
IDA only,IDX,Access to electricity (% of population),EG.ELC.ACCS.ZS,,,,,,,,,,,,,,,,,,,,,,,,,,,,,,,,,,,,,,,,25.50013067,23.35164647,26.13092485,30.08965793,31.33396846,31.71760459,31.31576131,35.09442986,40.25852707,36.84670466,37.321924,38.60879436,39.20928916,42.64894366,42.89286373,43.86552151,46.41922645,50.6238374,54.37802091,54.94353099,
Isle of Man,IMN,Access to electricity (% of population),EG.ELC.ACCS.ZS,,,,,,,,,,,,,,,,,,,,,,,,,,,,,,,100,100,100,100,100,100,100,100,100,100,100,100,100,100,100,100,100,100,100,100,100,100,100,100,100,100,100,100,100,
India,IND,Access to electricity (% of population),EG.ELC.ACCS.ZS,,,,,,,,,,,,,,,,,,,,,,,,,,,,,,,,,,50.9,48.84953308,50.55800629,52.26887131,53.98273468,55.69934082,60.1,59.12545776,55.8,62.3,64.17984009,64.4,67.44343567,67.9,70.6452713,72.25099182,75,76.3,67.6,79.9,80.79154205,83.53472137,88,89.67192078,92.6,95.2358551,
Not classified,INX,Access to electricity (% of population),EG.ELC.ACCS.ZS,,,,,,,,,,,,,,,,,,,,,,,,,,,,,,,,,,,,,,,,,,,,,,,,,,,,,,,,,,,,
Ireland,IRL,Access to electricity (% of population),EG.ELC.ACCS.ZS,,,,,,,,,,,,,,,,,,,,,,,,,,,,,,,100,100,100,100,100,100,100,100,100,100,100,100,100,100,100,100,100,100,100,100,100,100,100,100,100,100,100,100,100,
"Iran, Islamic Rep.",IRN,Access to electricity (% of population),EG.ELC.ACCS.ZS,,,,,,,,,,,,,,,,,,,,,,,,,,,,,,,,,,,,,,,,,97.9,97.80780792,97.99490356,98.16323853,98.30835724,98.42845154,98.4,98.6319046,98.73842621,98.86359406,99.01898193,99.21619415,99.46337891,99.75506592,100,99.98469543,100,100,100,
Iraq,IRQ,Access to electricity (% of population),EG.ELC.ACCS.ZS,,,,,,,,,,,,,,,,,,,,,,,,,,,,,,,,,,,,,,,,,,,,,,,97.62211156,98.1,97.91879272,98.00717926,98.12579346,98,99.3,98.75154114,99.04205322,99.35925293,99.69425964,99.90985107,99.9,
Iceland,ISL,Access to electricity (% of population),EG.ELC.ACCS.ZS,,,,,,,,,,,,,,,,,,,,,,,,,,,,,,,100,100,100,100,100,100,100,100,100,100,100,100,100,100,100,100,100,100,100,100,100,100,100,100,100,100,100,100,100,
Israel,ISR,Access to electricity (% of population),EG.ELC.ACCS.ZS,,,,,,,,,,,,,,,,,,,,,,,,,,,,,,,100,100,100,100,100,100,100,100,100,100,100,100,100,100,100,100,100,100,100,100,100,100,100,100,100,100,100,100,100,
Italy,ITA,Access to electricity (% of population),EG.ELC.ACCS.ZS,,,,,,,,,,,,,,,,,,,,,,,,,,,,,,,100,100,100,100,100,100,100,100,100,100,100,100,100,100,100,100,100,100,100,100,100,100,100,100,100,100,100,100,100,
Jamaica,JAM,Access to electricity (% of population),EG.ELC.ACCS.ZS,,,,,,,,,,,,,,,,,,,,,,,,,,,,,,,70.334586,77.23167419,78.02391052,78.81674957,79.61077881,80.40660858,85.706045,82.00605011,82.81002045,84.554112,84.41085052,87.708112,86.681291,86.72731018,87.45896912,88.1656189,88.8561554,89.54216766,92,90.94696045,92.2,91.1,93.1,93.9,93.3,94.9,96.99733734,97.96456146,98.93328094,
Jordan,JOR,Access to electricity (% of population),EG.ELC.ACCS.ZS,,,,,,,,,,,,,,,,,,,,,,,,,,,,,,,96.8,97.79415894,97.88723755,97.98092651,98.07580566,98.17247772,98.27155304,98.9,98.4784317,98.58236694,98.68096161,98.76973724,99.5,98.89996338,99.17343682,98.93996429,98.93135071,98.8,98.91213226,99.4,98.96749115,99.14812469,99.5,99.3657608,99.58044434,99.82182312,99.92923737,100,99.9,
Japan,JPN,Access to electricity (% of population),EG.ELC.ACCS.ZS,,,,,,,,,,,,,,,,,,,,,,,,,,,,,,,100,100,100,100,100,100,100,100,100,100,100,100,100,100,100,100,100,100,100,100,100,100,100,100,100,100,100,100,100,
Kazakhstan,KAZ,Access to electricity (% of population),EG.ELC.ACCS.ZS,,,,,,,,,,,,,,,,,,,,,,,,,,,,,,,,,,,,99.9,98.60335541,98.72103119,98.84145355,97,99.07520294,99.17958832,99.26969147,99.34104156,99.38916016,99.41226959,99.76654765,99.42173767,99.43126678,100,99.51784515,99.79746835,99.79270172,99.90429688,99.97625732,100,100,100,100,
Kenya,KEN,Access to electricity (% of population),EG.ELC.ACCS.ZS,,,,,,,,,,,,,,,,,,,,,,,,,,,,,,,,,,10.9,2.298414946,4.471945763,6.647871494,8.82679081,14.5,13.18924904,15.3646946,17.53032303,19.68166733,16,23.92362404,26.00797081,28.07621193,30.13992691,32.21070099,23,19.2,38.58122253,40.79266357,43.04860306,36,41.6,65.4,63.58908844,75,
Kyrgyz Republic,KGZ,Access to electricity (% of population),EG.ELC.ACCS.ZS,,,,,,,,,,,,,,,,,,,,,,,,,,,,,,,,,,,,,,99.8,99.70155334,99.73033142,99.75376892,99.76739502,100,99.74731445,99.70467377,99.44230769,99.55324554,99.46495056,99.3837204,99.32112885,99,99.43054199,99.8,99.54006958,99.8,99.80231476,99.92182922,100,100,
Cambodia,KHM,Access to electricity (% of population),EG.ELC.ACCS.ZS,,,,,,,,,,,,,,,,,,,,,,,,,,,,,,,,,,,,,,,18.67,8.872699738,16.6,15.50851536,18.80723,19.3,25.34392929,20.5,31.79125977,35.00234604,26.4,41.45727921,31.1,48.03312683,51.39193726,54.79524612,56.1,68.81590271,76.60250092,89.07,91.55067444,
Kiribati,KIR,Access to electricity (% of population),EG.ELC.ACCS.ZS,,,,,,,,,,,,,,,,,,,,,,,,,,,,,,,,,,,,,,,,,,,,,,69.67640546,68.8,67.47319794,69.84609222,64.19,63.16773671,77.12297058,79.63653564,82.19458771,84.78824615,90.55818141,93.57081604,98.6,100,
St. Kitts and Nevis,KNA,Access to electricity (% of population),EG.ELC.ACCS.ZS,,,,,,,,,,,,,,,,,,,,,,,,,,,,,,,,,,,,,,,,,,93.53,95.35399628,95.69277191,96.00831604,96.29885101,96.57327271,96.84316254,97.12012482,97.41572571,99.71385193,100,100,100,100,100,100,100,100,
"Korea, Rep.",KOR,Access to electricity (% of population),EG.ELC.ACCS.ZS,,,,,,,,,,,,,,,,,,,,,,,,,,,,,,,99.97992706,99.98986816,99.99665833,99.9994812,100,100,100,100,100,100,100,100,100,100,100,100,100,100,100,100,100,100,100,100,100,100,100,100,100,
Kuwait,KWT,Access to electricity (% of population),EG.ELC.ACCS.ZS,,,,,,,,,,,,,,,,,,,,,,,,,,,,,,,100,100,100,100,100,100,100,100,100,100,100,100,100,100,100,100,100,100,100,100,100,100,100,100,100,100,100,100,100,
Latin America & Caribbean (excluding high income),LAC,Access to electricity (% of population),EG.ELC.ACCS.ZS,,,,,,,,,,,,,,,,,,,,,,,,,,,,,,,,,88.11936912,88.75311534,89.66387784,88.04220302,89.03443463,89.48512918,90.13193871,90.81366759,91.15897253,91.81748504,92.42617187,92.49131947,93.05461258,93.40951169,94.07660549,94.38735692,95.13116949,95.26489265,95.87613702,96.12664027,96.48363943,96.82511539,96.9549145,97.2359583,97.43790984,97.76483465,98.24235549,
Lao PDR,LAO,Access to electricity (% of population),EG.ELC.ACCS.ZS,,,,,,,,,,,,,,,,,,,,,,,,,,,,,,,,,,31,26.14861107,25,31.79107285,34.61649323,37.444664,40.2719574,43.09390259,45.90603256,46.3,48,54.2388382,57.2,57.0410587,62.39464951,66,67.84784698,70.61399078,70,76.36662775,79.47354126,83.01711273,89.7,90.75510406,93.6,97.91982269,
Lebanon,LBN,Access to electricity (% of population),EG.ELC.ACCS.ZS,,,,,,,,,,,,,,,,,,,,,,,,,,,,,,,,,,,,,,,,,,,,,99.9,99.60176086,99.38381709,99.9,99.9,99.78566742,99.87825775,99.68401095,99.99239349,100,100,100,100,100,100,
Liberia,LBR,Access to electricity (% of population),EG.ELC.ACCS.ZS,,,,,,,,,,,,,,,,,,,,,,,,,,,,,,,,,,,,,,,,,,,,,,,,3,1.243382096,1.9,5.189858437,4.1,9.300168991,9.8,9.4,16.11073112,19.8,24.2,25.9182663,
Libya,LBY,Access to electricity (% of population),EG.ELC.ACCS.ZS,,,,,,,,,,,,,,,,,,,,,,,,,,,,,,,,,,,,,,,,,,97.0607605,95.37187958,93.66423798,91.93338013,90.17749786,88.40550995,86.6289978,84.85954285,83.10873413,81.38815308,79.7093811,78.08058929,76.49629974,74.94760895,73.4256134,71.92141724,70.42612457,67,
St. Lucia,LCA,Access to electricity (% of population),EG.ELC.ACCS.ZS,,,,,,,,,,,,,,,,,,,,,,,,,,,,,,,,,,,,,,,,,,89.9,90.39435577,90.9106369,91.40369415,91.87173462,92.32366943,92.77107239,93.22554016,93.69864655,94.2,94.83470154,95.34342258,95.98189545,96.65711975,97.35904694,98.07876587,98.80738831,99.53749847,
Latin America & Caribbean,LCN,Access to electricity (% of population),EG.ELC.ACCS.ZS,,,,,,,,,,,,,,,,,,,,,,,,,,,,,,,,,88.48206319,89.09854553,89.96265967,88.42646584,89.3636056,89.81159548,90.46015017,91.08971442,91.44967302,92.04559022,92.6333545,92.76381373,93.24900695,93.5938877,94.2765992,94.54240687,95.25631759,95.42123339,95.98117581,96.2522846,96.6132417,96.90477355,97.07083066,97.33624417,97.54535799,97.87797172,98.33111315,
Least developed countries: UN classification,LDC,Access to electricity (% of population),EG.ELC.ACCS.ZS,,,,,,,,,,,,,,,,,,,,,,,,,,,,,,,,,,,,,,,,,19.22597619,22.19688419,25.29535782,26.54857667,26.88226563,26.41128836,30.44514154,36.32798484,32.33491407,32.83233676,33.99376691,34.7342738,38.47070981,38.65960392,39.38872339,42.55122102,46.9139077,51.04709972,51.59021365,
Low income,LIC,Access to electricity (% of population),EG.ELC.ACCS.ZS,,,,,,,,,,,,,,,,,,,,,,,,,,,,,,,,,,,,,,,,,15.18137797,19.14236847,22.74457361,24.07325986,24.26812483,21.37108608,25.71306376,35.99661056,27.71553583,27.06434159,28.92824771,27.95965682,32.20349761,32.42596648,32.98550477,33.21840577,38.74174959,40.64644325,41.87616999,
Liechtenstein,LIE,Access to electricity (% of population),EG.ELC.ACCS.ZS,,,,,,,,,,,,,,,,,,,,,,,,,,,,,,,100,100,100,100,100,100,100,100,100,100,100,100,100,100,100,100,100,100,100,100,100,100,100,100,100,100,100,100,100,
Sri Lanka,LKA,Access to electricity (% of population),EG.ELC.ACCS.ZS,,,,,,,,,,,,,,,,,,,,,,,,,,,,,,,,,,,,,,,,,,63.6,80.7,74.29070282,75.89481354,77.47390747,79.03689575,80,82.16088104,83.74504852,85.3,87.76,87,90.2,92.25880432,94.07530212,97.5,97.5,99.58340454,
Lower middle income,LMC,Access to electricity (% of population),EG.ELC.ACCS.ZS,,,,,,,,,,,,,,,,,,,,,,,,,,,,,,,,,,47.27215614,46.50336518,47.99618595,49.75036249,52.40413462,55.35555411,58.21785305,57.99903353,56.37971097,60.21136508,61.83391167,62.33282608,65.13407809,66.16209801,67.38536095,68.74216622,70.78312162,71.48149577,68.69865205,74.94371452,75.70370493,77.08886158,80.30261691,82.5147164,84.56850478,86.261474,
Low & middle income,LMY,Access to electricity (% of population),EG.ELC.ACCS.ZS,,,,,,,,,,,,,,,,,,,,,,,,,,,,,,,,,,,,,,,,,73.21576537,72.91445525,74.60156765,75.37908771,75.62583588,76.09226892,77.25954977,78.5559003,78.51466177,79.13260857,79.97840408,78.63152619,81.85442634,82.16608257,82.78362072,84.07847354,85.6393839,86.71761777,87.61287753,
Lesotho,LSO,Access to electricity (% of population),EG.ELC.ACCS.ZS,,,,,,,,,,,,,,,,,,,,,,,,,,,,,,,,,,,,,,,,,4.258760108,1.413913012,3.538843632,5.645020008,6.8,9.785907745,9.7,13.86503506,15.90939617,17,17,22.20067787,20.56,26.61523056,27.8,31.81505394,35.28564453,33.7,47,
Late-demographic dividend,LTE,Access to electricity (% of population),EG.ELC.ACCS.ZS,,,,,,,,,,,,,,,,,,,,,,,,,,,,,,,,,,,,,,,,,95.71069255,96.03981794,96.57814512,96.82529538,97.0826684,97.58276453,98.21020692,97.93270866,98.23717622,97.85466904,98.44925291,98.66657354,98.80740626,98.95796893,98.95282938,98.87050055,99.21498136,99.32015208,99.41005372,
Lithuania,LTU,Access to electricity (% of population),EG.ELC.ACCS.ZS,,,,,,,,,,,,,,,,,,,,,,,,,,,,,,,100,100,100,100,100,100,100,100,100,100,100,100,100,100,100,100,100,100,100,100,100,100,100,100,100,100,100,100,100,
Luxembourg,LUX,Access to electricity (% of population),EG.ELC.ACCS.ZS,,,,,,,,,,,,,,,,,,,,,,,,,,,,,,,100,100,100,100,100,100,100,100,100,100,100,100,100,100,100,100,100,100,100,100,100,100,100,100,100,100,100,100,100,
Latvia,LVA,Access to electricity (% of population),EG.ELC.ACCS.ZS,,,,,,,,,,,,,,,,,,,,,,,,,,,,,,,100,100,100,100,100,100,100,100,100,100,100,100,100,100,100,100,100,100,100,100,100,100,100,100,100,100,100,100,100,
"Macao SAR, China",MAC,Access to electricity (% of population),EG.ELC.ACCS.ZS,,,,,,,,,,,,,,,,,,,,,,,,,,,,,,,,,,,,,100,100,100,100,100,100,100,100,100,100,100,100,100,100,100,100,100,100,100,100,100,100,100,
St. Martin (French part),MAF,Access to electricity (% of population),EG.ELC.ACCS.ZS,,,,,,,,,,,,,,,,,,,,,,,,,,,,,,,,,,,,,,,,,,,,,,,,,,,64.35,100,100,100,100,100,100,100,100,
Morocco,MAR,Access to electricity (% of population),EG.ELC.ACCS.ZS,,,,,,,,,,,,,,,,,,,,,,,,,,,,,,,,,49.2,55.52347183,57.53868866,56.5,61.57510757,63.59751129,65.62265778,67.64692688,69.66585541,71.6749649,73.66979218,75.64586639,78.2,79.52654266,96.5,83.34545898,85.25971222,87.19261169,91.5135498,92.71631622,93.75356293,97.2,91.6,99.61175537,99.74356842,100,100,
Monaco,MCO,Access to electricity (% of population),EG.ELC.ACCS.ZS,,,,,,,,,,,,,,,,,,,,,,,,,,,,,,,100,100,100,100,100,100,100,100,100,100,100,100,100,100,100,100,100,100,100,100,100,100,100,100,100,100,100,100,100,
Moldova,MDA,Access to electricity (% of population),EG.ELC.ACCS.ZS,,,,,,,,,,,,,,,,,,,,,,,,,,,,,,,,,,,,,,,,,,,99,100,99.1,98.6,100,100,100,100,100,100,100,100,100,100,100,100,100,
Madagascar,MDG,Access to electricity (% of population),EG.ELC.ACCS.ZS,,,,,,,,,,,,,,,,,,,,,,,,,,,,,,,,,9.2,10.31037331,10.77324677,11.2379179,11.70498276,10.9,12.64784908,13.11977959,13.58636379,14.8,14.48561668,20.3,15.30985165,15.68533993,16.0447197,16.39957428,16.76148796,17.4,17.55283165,14.3,18.50801086,12.9,19.63776207,20.24713707,22.9,24.1,25.90781212,
Maldives,MDV,Access to electricity (% of population),EG.ELC.ACCS.ZS,,,,,,,,,,,,,,,,,,,,,,,,,,,,,,,,,,,,,,,,,83.8,87.53334045,88.46166229,89.37123108,90.25758362,91.11891174,91.96412659,92.80482483,93.65257263,99.9,99.10932922,99.45265198,99.63046265,99.5677948,100,99.83565521,99.96524048,99.8,100,
Middle East & North Africa,MEA,Access to electricity (% of population),EG.ELC.ACCS.ZS,,,,,,,,,,,,,,,,,,,,,,,,,,,,,,,,,,,,,,,,,90.94404395,91.3772006,91.45134886,92.49283414,92.38938366,93.32731153,95.62257844,93.95457733,94.49810994,94.89081241,96.26081862,96.3839324,96.58512221,97.07876276,96.13814298,97.03046069,97.19576403,97.74727276,96.46889149,
Mexico,MEX,Access to electricity (% of population),EG.ELC.ACCS.ZS,,,,,,,,,,,,,,,,,,,,,,,,,,,,,,,,,93.145981,95.37493896,95.238294,95.82253265,96.093624,96.27970886,96.092755,96.74449921,98.007132,97.18790436,97.897085,97.57417297,98.597701,98.932728,99.11416,98.10450745,98.914037,98.36702728,99.236696,99.1445694,99.111637,99.32017517,99.172928,99,99.5,100,100,
Marshall Islands,MHL,Access to electricity (% of population),EG.ELC.ACCS.ZS,,,,,,,,,,,,,,,,,,,,,,,,,,,,,,,,,,,,,,,,68.52423588,68.55338287,70.07907104,71.59046936,73.08311462,74.55254364,75.99694824,77.42524719,72.3,80.27984619,81.72932434,88.98891449,89.91960679,90.63284302,91.13157654,91.67713165,92.52222443,93.41909027,94.64900208,96.35547638,
Middle income,MIC,Access to electricity (% of population),EG.ELC.ACCS.ZS,,,,,,,,,,,,,,,,,,,,,,,,,,,,,,,,,,,,,,,,,77.54560901,76.9094252,78.76496879,79.56301655,79.93755408,81.01090709,81.95528074,82.52979779,83.33878703,84.44118527,85.18658184,83.87443443,87.02984171,87.42151162,88.11730665,89.60231951,90.80568738,91.86678653,92.80227913,
North Macedonia,MKD,Access to electricity (% of population),EG.ELC.ACCS.ZS,,,,,,,,,,,,,,,,,,,,,,,,,,,,,,,,,,,,,,,,,,,,,,,99,100,99.2,99.2,100,99.7261638,100,100,100,100,100,100,100,
Mali,MLI,Access to electricity (% of population),EG.ELC.ACCS.ZS,,,,,,,,,,,,,,,,,,,,,,,,,,,,,,,,,,,,,6.2,3.621666193,5.543251514,7.463960171,9.379322052,10.8,13.17613125,15.04863834,16.89792252,18.72218895,16.6,22.33397865,24.14467049,24.03089583,27.83357048,29.7349453,25.6,33.68215942,35.71361542,37.6,41.23777771,43.1,50.9,
Malta,MLT,Access to electricity (% of population),EG.ELC.ACCS.ZS,,,,,,,,,,,,,,,,,,,,,,,,,,,,,,,100,100,100,100,100,100,100,100,100,100,100,100,100,100,100,100,100,100,100,100,100,100,100,100,100,100,100,100,100,
Myanmar,MMR,Access to electricity (% of population),EG.ELC.ACCS.ZS,,,,,,,,,,,,,,,,,,,,,,,,,,,,,,,,,,,,,,,,,,,47,45.26420593,46.3459053,47.40258408,48.4431572,49.47920227,50.52230835,51.58405685,48.8,53.8098259,54.99359894,56.22186661,52,60.5,55.6,69.8148366,66.26457214,
Middle East & North Africa (excluding high income),MNA,Access to electricity (% of population),EG.ELC.ACCS.ZS,,,,,,,,,,,,,,,,,,,,,,,,,,,,,,,,,,,,,,,,,89.304691,89.84009623,90.02474834,91.22252894,91.10329228,92.17446013,94.92285603,92.95872094,93.56355699,94.09399083,95.66372255,95.79554963,96.02122644,96.59081873,95.48706363,96.52588069,96.72497191,97.36630117,95.86008363,
Montenegro,MNE,Access to electricity (% of population),EG.ELC.ACCS.ZS,,,,,,,,,,,,,,,,,,,,,,,,,,,,,,,,,,,,,,,,,,,,,,99.83022071,100,100,100,100,100,99,100,99.7,97.7,100,100,100,100,
Mongolia,MNG,Access to electricity (% of population),EG.ELC.ACCS.ZS,,,,,,,,,,,,,,,,,,,,,,,,,,,,,,,,,,,,,,,,,67.3,71.79318237,72.88671112,76.3,75.01303864,86.2,77.04999542,78.05589294,79.06884766,80.10044861,78.50208044,72.05707491,83.41954803,81.2,85.85138702,88.04885101,91.0623703,93.84365845,98.1,
Northern Mariana Islands,MNP,Access to electricity (% of population),EG.ELC.ACCS.ZS,,,,,,,,,,,,,,,,,,,,,,,,,,,,,,,99.94860077,99.96181488,99.97504425,99.98716736,99.99564362,100,100,100,100,100,100,100,100,99.99935913,99.99126434,99.95948792,99.89513397,100,100,100,100,100,100,100,100,100,100,100,100,
Mozambique,MOZ,Access to electricity (% of population),EG.ELC.ACCS.ZS,,,,,,,,,,,,,,,,,,,,,,,,,,,,,,,,,,,,,,6.6,3.438611031,4.712772846,5.981588364,5.7,8.485302925,8.1,10.91400146,12.09172058,13.25333118,12.4,13.57122385,15,17.99006462,20.2,21.40014076,22.78194618,24.8,24,27.71867561,29.2663784,31.1,
Mauritania,MRT,Access to electricity (% of population),EG.ELC.ACCS.ZS,,,,,,,,,,,,,,,,,,,,,,,,,,,,,,,,,,,,,,,,,,22.2,21.61725426,22.99394226,24.34740639,18.2,26.9881916,33.04054054,30,30.94439507,33.66743088,35.13504791,36.43714523,37.49877167,38.8,39.5,41.47495651,42.9,44.52691269,
Mauritius,MUS,Access to electricity (% of population),EG.ELC.ACCS.ZS,,,,,,,,,,,,,,,,,,,,,,,,,,,,,,,,,,,,,,,,,99,99.45147705,99.4,99.13059998,98.93756104,98.71950531,98.4853363,98.24664307,98.01501465,97.80202484,100,99.4,97.38735199,97.34088898,97.33001709,97.34584045,97.37947083,97.42199707,97.46600342,
Malawi,MWI,Access to electricity (% of population),EG.ELC.ACCS.ZS,,,,,,,,,,,,,,,,,,,,,,,,,,,,,,,,,3.2,1.328174233,1.797202229,2.26802659,2.741245747,3.217458963,3.696419954,4.17450428,4.8,5.110165119,5.558802605,6.2,6.9,6.776987553,3.653227333,7.503529072,7.871596813,8.258308411,8.7,7.6,7.4,9,11.9,10.8,11,12.7,18.02,
Malaysia,MYS,Access to electricity (% of population),EG.ELC.ACCS.ZS,,,,,,,,,,,,,,,,,,,,,,,,,,,,,,,,,,,,,,,,,,,,,,,,,,99.3,99.23118591,99.50709534,99.8,99.92743683,99.98956299,100,100,100,100,
North America,NAC,Access to electricity (% of population),EG.ELC.ACCS.ZS,,,,,,,,,,,,,,,,,,,,,,,,,,,,,,,100,100,100,100,100,100,100,100,100,100,100,100,100,100,100,100,100,100,100,100,100,100,100,100,100,100,100,100,100,
Namibia,NAM,Access to electricity (% of population),EG.ELC.ACCS.ZS,,,,,,,,,,,,,,,,,,,,,,,,,,,,,,,,,26.4,27,28.96110725,29.96839714,30.97808456,31.99076462,33.00619125,34.02074432,36.5,36.02933884,37.01444244,37.980793,38.92391968,39.84202576,40.74402618,43.7,42.54603577,44.1,44.42262268,42.3,46.46304321,47.4,48.67803574,51.6,49.7,52.5,53.87387466,
New Caledonia,NCL,Access to electricity (% of population),EG.ELC.ACCS.ZS,,,,,,,,,,,,,,,,,,,,,,,,,,,,,,,99.92514038,99.93928528,99.95367432,99.9686203,99.9831543,100,100,100,100,100,100,100,100,100,100,100,100,100,100,100,100,100,100,100,100,100,100,100,100,
Niger,NER,Access to electricity (% of population),EG.ELC.ACCS.ZS,,,,,,,,,,,,,,,,,,,,,,,,,,,,,,,,,4.4,4.044450283,4.589141369,6.2,7,6.236388683,6.7,7.344760895,6.481481481,8.43174839,8.956048965,9.461595535,9.943919182,7.1,9.3,11.27909279,11.7228241,12.18519974,12.93489265,14.3,14.4,15.14236927,15.70952702,16.6,17.49469376,18.18092918,17.6,
Nigeria,NGA,Access to electricity (% of population),EG.ELC.ACCS.ZS,,,,,,,,,,,,,,,,,,,,,,,,,,,,,,,27.3,34.79286194,35.68332672,36.57439041,37.46665192,38.36070633,39.25716019,40.15660477,41.05879974,44.9,42.85608673,43.74224091,44.61411285,52.2,46.29711914,47.10199356,47.89076233,50.13091943,50.3,50.27624893,48,55.9,53.27933121,55.6,54.91889572,52.5,59.3,54.4,56.5,
Nicaragua,NIC,Access to electricity (% of population),EG.ELC.ACCS.ZS,,,,,,,,,,,,,,,,,,,,,,,,,,,,,,,,,,72.064174,68.65791321,69.34946442,70.04341888,70.74036407,69.047103,72.13887024,72.83233643,72.22158,74.18535614,74.83597565,75.46336365,73.821815,76.65200043,77.23374176,77.82254028,77.916313,79.06764984,79.74713135,80.47660065,81.25056458,81.853073,83.68191528,85.35560608,86.8,88.07795715,
Netherlands,NLD,Access to electricity (% of population),EG.ELC.ACCS.ZS,,,,,,,,,,,,,,,,,,,,,,,,,,,,,,,100,100,100,100,100,100,100,100,100,100,100,100,100,100,100,100,100,100,100,100,100,100,100,100,100,100,100,100,100,
Norway,NOR,Access to electricity (% of population),EG.ELC.ACCS.ZS,,,,,,,,,,,,,,,,,,,,,,,,,,,,,,,100,100,100,100,100,100,100,100,100,100,100,100,100,100,100,100,100,100,100,100,100,100,100,100,100,100,100,100,100,
Nepal,NPL,Access to electricity (% of population),EG.ELC.ACCS.ZS,,,,,,,,,,,,,,,,,,,,,,,,,,,,,,,,,,,,,17.9,16.26917839,20.08240891,23.89476204,27.70176888,24.6,35.28186798,39.04602051,37.2,46.50286102,51.2,53.89793777,57.60027695,61.32125854,68.6,67.26,74.94395447,78.24636078,84.9,85.24436188,90.7,92.41319275,93.92,
Nauru,NRU,Access to electricity (% of population),EG.ELC.ACCS.ZS,,,,,,,,,,,,,,,,,,,,,,,,,,,,,,,,,,,,,,,,,,,,,,,,99.8,99.15634155,99.06652069,99.00691986,99,99.02133942,99.09803009,99.21032715,99,99.50611115,99.67179871,99.838974,
New Zealand,NZL,Access to electricity (% of population),EG.ELC.ACCS.ZS,,,,,,,,,,,,,,,,,,,,,,,,,,,,,,,100,100,100,100,100,100,100,100,100,100,100,100,100,100,100,100,100,100,100,100,100,100,100,100,100,100,100,100,100,
OECD members,OED,Access to electricity (% of population),EG.ELC.ACCS.ZS,,,,,,,,,,,,,,,,,,,,,,,,,,,,,,,99.54673588,99.61401702,99.09184365,99.28509252,99.28045788,99.30088174,99.36318186,99.39209611,99.39617865,99.45155618,99.6304419,99.5110148,99.5840004,99.58144945,99.6659025,99.75883921,99.74712268,99.64481363,99.75890138,99.69618035,99.81140178,99.79888147,99.81446303,99.85419857,99.84588559,99.83947989,99.89620184,99.94545795,99.99766728,
Oman,OMN,Access to electricity (% of population),EG.ELC.ACCS.ZS,,,,,,,,,,,,,,,,,,,,,,,,,,,,,,,100,100,100,100,100,100,100,100,100,100,100,100,100,100,100,100,99.99981689,100,100,100,100,100,100,100,100,100,100,100,100,
Other small states,OSS,Access to electricity (% of population),EG.ELC.ACCS.ZS,,,,,,,,,,,,,,,,,,,,,,,,,,,,,,,,,,,,,,,,,59.6042391,55.72059326,56.76257846,57.81616414,59.7443487,61.92874681,60.34640808,61.91707282,63.11107019,63.93827609,66.28555114,68.11806941,68.94724694,69.81353066,71.10725108,72.70402051,74.13853052,75.08701409,77.34628233,
Pakistan,PAK,Access to electricity (% of population),EG.ELC.ACCS.ZS,,,,,,,,,,,,,,,,,,,,,,,,,,,,,,,,,,,,,,,70.46,70.29793549,70.36933136,70.43138123,70.47915649,70.50772095,70.51215363,70.49060822,70.4535675,70.41460419,70.38728333,70.38516998,70.42184448,70.50715637,70.63609314,70.79993439,70.98994446,71.19741058,71.41359711,70.79,71.0915467,
Panama,PAN,Access to electricity (% of population),EG.ELC.ACCS.ZS,,,,,,,,,,,,,,,,,,,,,,,,,,,,,,,70.19,72.15294647,73.1251297,74.09790802,75.07188416,76.0476532,77.0258255,78.00698853,78.99089813,79.97393036,81.40141009,81.91949463,82.87307739,87.8,84.71952057,85.60610962,86.47659302,87.34255219,88.21556854,89.10723114,86.85,90.99282074,92.00650787,89.1,94.15846252,95.27893829,96.77424622,100,100,
Peru,PER,Access to electricity (% of population),EG.ELC.ACCS.ZS,,,,,,,,,,,,,,,,,,,,,,,,,,,,,,,,,70.1,64.80953217,66.09657288,67.38539886,67,69.16024,72.072063,74.078523,72.496495,72.113111,74.382688,74.380966,75.692357,77.173645,80.157275,81.988131,84.678343,86.42432,88.123061,89.707491,91.099508,92.135365,92.919989,93.852179,94.2,94.8,95.2,
Philippines,PHL,Access to electricity (% of population),EG.ELC.ACCS.ZS,,,,,,,,,,,,,,,,,,,,,,,,,,,,,,,,,,65.4,68.11633301,69.22126007,70.32859039,71.43890381,71.3,71.87417093,74.77100372,75.86803436,76.95077515,76.6,87.6,80.0712738,81.07090759,82.06602478,83.3,84.08901215,85.22190094,87.2,87.40706635,87.5,89.786026,89.08,92.30308533,93,94.85723114,
Palau,PLW,Access to electricity (% of population),EG.ELC.ACCS.ZS,,,,,,,,,,,,,,,,,,,,,,,,,,,,,,,,,,,,,,,,,,,,,,98.91650733,98.36885071,98.37230682,98.38282013,98.41197968,98.47136688,98.5725708,97.63042631,98.91943359,99.8103,99.40868378,100,100,100,
Papua New Guinea,PNG,Access to electricity (% of population),EG.ELC.ACCS.ZS,,,,,,,,,,,,,,,,,,,,,,,,,,,,,,,,,,,,,11,2.25112009,4.389128685,6.526259899,8.658045769,10.78001499,12.88770008,14.97663116,17.04233742,19.08302689,12.4,23.12766266,25.15477943,17.2,19.5,31.39432335,33.56210709,35.77438354,39.48790741,44.47520828,49.4,54.4,58.96735764,
Poland,POL,Access to electricity (% of population),EG.ELC.ACCS.ZS,,,,,,,,,,,,,,,,,,,,,,,,,,,,,,,100,100,100,100,100,100,100,100,100,100,100,100,100,100,100,100,100,100,100,100,100,100,100,100,100,100,100,100,100,
Pre-demographic dividend,PRE,Access to electricity (% of population),EG.ELC.ACCS.ZS,,,,,,,,,,,,,,,,,,,,,,,,,,,,,,,,,,,,,,22.56924253,23.67693983,24.97020659,22.53536417,24.02686027,24.53786536,26.96637632,26.23131925,26.66549634,30.85873438,32.75021982,32.95568647,31.83315138,32.28904387,35.88437894,37.19224941,38.1794401,39.77039635,40.09401233,45.70558134,45.48366836,48.39177102,
Puerto Rico,PRI,Access to electricity (% of population),EG.ELC.ACCS.ZS,,,,,,,,,,,,,,,,,,,,,,,,,,,,,,,100,100,100,100,100,100,100,100,100,100,100,100,100,100,100,100,100,100,100,100,100,100,100,100,100,100,100,100,100,
"Korea, Dem. People’s Rep.",PRK,Access to electricity (% of population),EG.ELC.ACCS.ZS,,,,,,,,,,,,,,,,,,,,,,,,,,,,,,,,,,,,,,,,,,,,,,,,,,26,29.46452141,31.72101974,34.02750015,36.378479,38.7650528,41.17832565,43.60939789,46.04936981,48.49082565,
Portugal,PRT,Access to electricity (% of population),EG.ELC.ACCS.ZS,,,,,,,,,,,,,,,,,,,,,,,,,,,,,,,100,100,100,100,100,100,100,100,100,100,100,100,100,100,100,100,100,100,100,100,100,100,100,100,100,100,100,100,100,
Paraguay,PRY,Access to electricity (% of population),EG.ELC.ACCS.ZS,,,,,,,,,,,,,,,,,,,,,,,,,,,,,,,,,,,,77.469114,85.97345734,86.412854,87.56529999,88.518177,89.15279388,91.04207,91.666443,92.558399,93.249876,94.686886,96.749045,96.452771,96.677896,96.891335,97.43086,98.23656,97.835616,99.015884,99.000716,99.331532,98.4,99.3,100,
West Bank and Gaza,PSE,Access to electricity (% of population),EG.ELC.ACCS.ZS,,,,,,,,,,,,,,,,,,,,,,,,,,,,,,,,,,,,,,97.9,98.84223175,98.93998718,99.7,99.11499023,99.1832962,99.1,99.25917816,99.26049042,99.7,99.22637939,99.21411896,99.22049713,99.9,99.7,99.96303558,99.77133942,99.9,99.9,99.99033356,99.7,100,
Pacific island small states,PSS,Access to electricity (% of population),EG.ELC.ACCS.ZS,,,,,,,,,,,,,,,,,,,,,,,,,,,,,,,,,,,,,,,,56.48095693,54.15742212,55.58746236,57.6977386,58.66632501,59.87711715,61.99904713,61.27292959,63.36431303,66.75122024,64.80523973,69.69354329,71.44690168,73.08157525,72.69954406,76.73129672,79.27856121,81.5220127,82.96948139,85.50135884,
Post-demographic dividend,PST,Access to electricity (% of population),EG.ELC.ACCS.ZS,,,,,,,,,,,,,,,,,,,,,,,,,,,,,,,99.92224456,99.92564172,99.9289829,99.93217058,99.93524417,99.93828634,99.94135848,99.94441473,99.94748651,99.95055185,99.96563273,99.95454259,99.94295165,99.96208258,99.96434671,99.96209375,99.96739912,99.96143347,99.97306779,99.97485091,99.97703735,99.97824338,99.97716619,99.98461674,99.99010116,99.99327841,99.99849233,99.99926528,100,
French Polynesia,PYF,Access to electricity (% of population),EG.ELC.ACCS.ZS,,,,,,,,,,,,,,,,,,,,,,,,,,,,,,,100,100,100,100,100,100,100,100,100,100,100,100,100,100,100,100,100,100,100,100,100,100,100,100,100,100,100,100,100,
Qatar,QAT,Access to electricity (% of population),EG.ELC.ACCS.ZS,,,,,,,,,,,,,,,,,,,,,,,,,,,,,,,100,100,100,100,100,100,100,100,100,100,100,100,100,100,100,100,100,100,100,100,100,100,100,100,100,100,100,100,100,
Romania,ROU,Access to electricity (% of population),EG.ELC.ACCS.ZS,,,,,,,,,,,,,,,,,,,,,,,,,,,,,,,100,100,100,100,100,100,100,100,100,100,100,100,100,100,100,100,100,100,100,100,100,100,100,100,100,100,99.1,100,100,
Russian Federation,RUS,Access to electricity (% of population),EG.ELC.ACCS.ZS,,,,,,,,,,,,,,,,,,,,,,,,,,,,,,,100,100,100,100,100,100,100,100,100,100,100,100,100,100,100,100,100,100,100,100,100,100,100,100,100,95.5,100,100,100,
Rwanda,RWA,Access to electricity (% of population),EG.ELC.ACCS.ZS,,,,,,,,,,,,,,,,,,,,,,,,,,,,,,,,,2.3,0.01,0.01,0.075258829,0.408376098,1.054141283,2.207452536,3.359886885,6.2,5.644247532,6.767235279,7.871469021,8.952478409,4.8,11.04835415,12.08371258,6,14.18719196,9.7,10.8,17.5,15.2,19.8,22.8,29.37,34.1,34.71657181,
South Asia,SAS,Access to electricity (% of population),EG.ELC.ACCS.ZS,,,,,,,,,,,,,,,,,,,,,,,,,,,,,,,,,,47.03355013,45.5420383,47.26339947,48.44665621,49.91962952,53.93113621,57.6827175,57.18357165,54.96747727,60.64182043,62.31099595,62.51361444,64.66528409,65.77319724,67.63663535,69.63570588,72.07529564,73.15153744,67.01536938,77.15647283,77.79985489,80.47507654,84.46808684,86.62306947,89.82433633,91.62199183,
Saudi Arabia,SAU,Access to electricity (% of population),EG.ELC.ACCS.ZS,,,,,,,,,,,,,,,,,,,,,,,,,,,,,,,100,100,100,100,100,100,100,100,100,100,100,100,100,100,100,100,100,100,100,100,100,100,100,100,100,100,99.9,99.93,100,
Sudan,SDN,Access to electricity (% of population),EG.ELC.ACCS.ZS,,,,,,,,,,,,,,,,,,,,,,,,,,,,,,,32.8,24.55476379,25.428442,26.30272102,27.17819595,28.05546951,28.9351368,29.81779671,30.70320702,31.58773804,23,33.33629608,34.19137955,35.02771378,35.84082031,36.62891006,37.40089035,38.16834641,38.94286346,29,40.5594101,41.42461014,42.33979034,43.29947281,44.9,49.36792374,53.04813766,56.5,59.783535,
Senegal,SEN,Access to electricity (% of population),EG.ELC.ACCS.ZS,,,,,,,,,,,,,,,,,,,,,,,,,,,,,,,,,,26,27.36167336,29.00230598,30.64533234,32.2,33.94012451,36.2,37.74,38.86329269,36.8,42.08143234,36.8,47.1,49.9,48.27550888,49.81338501,53.5,56.5,56.5,56.5,57,61,60.5,64.5,61.7,66.95944977,
Singapore,SGP,Access to electricity (% of population),EG.ELC.ACCS.ZS,,,,,,,,,,,,,,,,,,,,,,,,,,,,,,,100,100,100,100,100,100,100,100,100,100,100,100,100,100,100,100,100,100,100,100,100,100,100,100,100,100,100,100,100,
Solomon Islands,SLB,Access to electricity (% of population),EG.ELC.ACCS.ZS,,,,,,,,,,,,,,,,,,,,,,,,,,,,,,,,,,,,,,,,15.7,4.670693398,7.653272152,10.62156582,13.571105,16.49742126,19.39871979,14.4,12.9,28.05229759,21.2,33.89525986,38.10498047,42.25375366,44.7,50.11717987,55.1,58.67827606,62.9,66.66609955,
Sierra Leone,SLE,Access to electricity (% of population),EG.ELC.ACCS.ZS,,,,,,,,,,,,,,,,,,,,,,,,,,,,,,,,,,,,,,,,,,,,,16.8,11.33248552,12.33273029,13.03008556,12.1,14.45755959,11.46217307,14.2,16.85102844,13.5,18.66578293,19.65712738,20.3,23.4,26.1,
El Salvador,SLV,Access to electricity (% of population),EG.ELC.ACCS.ZS,,,,,,,,,,,,,,,,,,,,,,,,,,,,,,,,69.60788,75.12730408,76.08103943,77.03598022,76.995504,77.883,79.91395569,81.637983,79.129592,84.519249,87.063829,87.54906,86.961151,87.357045,87.525839,89.201467,91.109558,91.000227,91.08402,91.580238,92.574686,93.680571,95.043105,95.125416,95.4,96,96.8,100,
San Marino,SMR,Access to electricity (% of population),EG.ELC.ACCS.ZS,,,,,,,,,,,,,,,,,,,,,,,,,,,,,,,100,100,100,100,100,100,100,100,100,100,100,100,100,100,100,100,100,100,100,100,100,100,100,100,100,100,100,100,100,
Somalia,SOM,Access to electricity (% of population),EG.ELC.ACCS.ZS,,,,,,,,,,,,,,,,,,,,,,,,,,,,,,,,,,,,,,,,,,,7.4,9.923231125,11.52998543,13.11172104,15.23378582,16.238451,17.80661201,19.39341736,21.01045036,22.66929626,24.37812614,26.13145065,27.92037392,29.73599434,31.56941414,33.41173553,35.25553513,
Serbia,SRB,Access to electricity (% of population),EG.ELC.ACCS.ZS,,,,,,,,,,,,,,,,,,,,,,,,,,,,,,,,,,,,,,,,,,,100,100,100,99.69072165,100,100,100,100,99.718398,100,100,100,99.66079793,99.9,100,100,100,
Sub-Saharan Africa (excluding high income),SSA,Access to electricity (% of population),EG.ELC.ACCS.ZS,,,,,,,,,,,,,,,,,,,,,,,,,,,,,,,,,,,,,27.60285099,27.57082616,28.23209909,29.8411211,25.8455051,28.12858658,29.09681291,31.12917856,30.87733043,29.85172662,32.28304994,38.95306761,33.87584489,33.17658933,33.71633826,35.72318609,37.42991878,38.2779666,38.18061694,39.16989347,44.593687,44.58997755,47.5966338,
South Sudan,SSD,Access to electricity (% of population),EG.ELC.ACCS.ZS,,,,,,,,,,,,,,,,,,,,,,,,,,,,,,,,,,,,,,,,,,,,,,,,,,3,1.5,5.445202827,8.7647686,11.84386253,14.96977425,18.39523125,21.87245178,25.11744118,28.20185661,
Sub-Saharan Africa,SSF,Access to electricity (% of population),EG.ELC.ACCS.ZS,,,,,,,,,,,,,,,,,,,,,,,,,,,,,,,,,,,,,27.61495843,27.58188979,28.24309224,29.85166814,25.99522072,28.26737501,29.22948864,31.25487783,30.99971744,29.97300438,32.3968381,39.05205224,33.98065068,33.27859583,33.81835871,35.81861586,37.51816795,38.36278793,38.26370231,39.24965829,44.66427437,44.65887973,47.66005686,
Small states,SST,Access to electricity (% of population),EG.ELC.ACCS.ZS,,,,,,,,,,,,,,,,,,,,,,,,,,,,,,,,,,,,,,,,,66.27563431,64.03100839,64.66472664,65.45322707,66.93155374,68.40108465,66.95125409,68.34101506,69.57864243,69.82034039,72.00468425,73.25763355,74.13258046,74.8082252,75.9717722,77.42510724,78.84667534,79.72522149,81.65875861,
Sao Tome and Principe,STP,Access to electricity (% of population),EG.ELC.ACCS.ZS,,,,,,,,,,,,,,,,,,,,,,,,,,,,,,,,,,,,,,,,,52.9,52.20650864,53.16617966,54.10709763,55.02479172,55.91746902,56.79403687,57.66608047,58.54518127,56.9,60.37090302,61.34069061,57.9,63.42472458,68.6,66.16640472,68.07398224,69.74932861,71,
Suriname,SUR,Access to electricity (% of population),EG.ELC.ACCS.ZS,,,,,,,,,,,,,,,,,,,,,,,,,,,,,,,,,,,,,,,,99.62406,95.55319214,95.48371887,95.39996338,95.2974472,95.17171478,95.02095795,91.01983989,94.68270874,94.51838684,94.37270355,91.19751586,94.18360138,94.15994263,94.1807785,94.23721313,95.09519196,96.06616974,96.80492401,97.4,
Slovak Republic,SVK,Access to electricity (% of population),EG.ELC.ACCS.ZS,,,,,,,,,,,,,,,,,,,,,,,,,,,,,,,100,100,100,100,100,100,100,100,100,100,100,100,100,100,100,100,100,100,100,100,100,100,100,100,100,100,100,100,100,
Slovenia,SVN,Access to electricity (% of population),EG.ELC.ACCS.ZS,,,,,,,,,,,,,,,,,,,,,,,,,,,,,,,100,100,100,100,100,100,100,100,100,100,100,100,100,100,100,100,100,100,100,100,100,100,100,100,100,100,100,100,100,
Sweden,SWE,Access to electricity (% of population),EG.ELC.ACCS.ZS,,,,,,,,,,,,,,,,,,,,,,,,,,,,,,,100,100,100,100,100,100,100,100,100,100,100,100,100,100,100,100,100,100,100,100,100,100,100,100,100,100,100,100,100,
Eswatini,SWZ,Access to electricity (% of population),EG.ELC.ACCS.ZS,,,,,,,,,,,,,,,,,,,,,,,,,,,,,,,,,,,,,,,,,,26.9,25.78907967,28.66159439,31.51088715,34.33516312,35.2,39.94696808,42.75766754,38.6,45.55233761,51.68509293,55.29926682,58.67296219,65,65.81354523,69.5853653,73.5,76.50398254,
Sint Maarten (Dutch part),SXM,Access to electricity (% of population),EG.ELC.ACCS.ZS,,,,,,,,,,,,,,,,,,,,,,,,,,,,,,,100,100,100,100,100,100,100,100,100,100,100,100,100,100,100,100,100,99.99294281,99.95942688,99.88710022,100,100,100,100,100,100,100,100,100,
Seychelles,SYC,Access to electricity (% of population),EG.ELC.ACCS.ZS,,,,,,,,,,,,,,,,,,,,,,,,,,,,,,,,,,,90,92.12528992,92.50496674,92,93.27305603,93.65759277,94.03678894,94.40617371,96.1,95.09760284,95.41072083,95.69882202,99,96.23827362,96.51280212,96.80596924,97,98.3265152,98.6097641,98,100,100,100,100,100,
Syrian Arab Republic,SYR,Access to electricity (% of population),EG.ELC.ACCS.ZS,,,,,,,,,,,,,,,,,,,,,,,,,,,,,,,,,,,,,,,,,,,86.6,92.73641968,92.4484024,92.13536835,99.5057574,91.47255707,91.14595032,90.83798981,92.7,91.78901672,91.13237762,90.23526764,89.89109039,89.81194305,89.75059509,89.69814301,86,
Turks and Caicos Islands,TCA,Access to electricity (% of population),EG.ELC.ACCS.ZS,,,,,,,,,,,,,,,,,,,,,,,,,,,,,,,88.7,90.94551849,91.32684326,91.70877075,92.09189606,92.47681427,92.86412811,93.25443268,93.64749146,94.03967285,95.6,94.8035202,95.16625214,95.51023102,95.83098602,96.12672424,96.40634918,96.68144989,96.96361542,100,100,100,93.1,100,100,100,100,100,100,
Chad,TCD,Access to electricity (% of population),EG.ELC.ACCS.ZS,,,,,,,,,,,,,,,,,,,,,,,,,,,,,,,,,,,,,,2.3,1.789616823,2.249965429,2.704967737,3.150154591,3.581056356,3.993203878,3.5,4.746034145,5.093831062,5.437104225,5.787436008,6.156412125,6.4,6.996632099,7.487630844,8.023126602,8.594219208,7.7,10.41574097,10.9,11.75935555,
East Asia & Pacific (IDA & IBRD countries),TEA,Access to electricity (% of population),EG.ELC.ACCS.ZS,,,,,,,,,,,,,,,,,,,,,,,,,,,,,,,,,,,,,,,,,92.49099678,93.02458549,92.30798021,92.54233695,93.49929426,93.1783833,94.25353211,94.29276557,94.74158175,95.43286705,95.91783764,96.51873353,96.82429529,96.97371822,97.10152256,97.51325324,97.63220637,98.26881377,98.38320712,
Europe & Central Asia (IDA & IBRD countries),TEC,Access to electricity (% of population),EG.ELC.ACCS.ZS,,,,,,,,,,,,,,,,,,,,,,,,,,,,,,,,,,,,,,,,,99.83808753,99.84885155,99.86742924,99.89482114,99.86716598,99.86197983,99.87833163,99.86096558,99.88381897,99.9216246,99.90898347,99.92665691,99.95162267,99.95904108,99.96623581,98.52246696,99.94563457,99.98561329,99.98611983,
Togo,TGO,Access to electricity (% of population),EG.ELC.ACCS.ZS,,,,,,,,,,,,,,,,,,,,,,,,,,,,,,,,,,,,,,,15.3,16.110569,16.95623488,19.71039581,21.49111557,23.25308037,24.9918232,26.70554733,27.9,30.09625435,31.79640579,33.51519775,30.79174368,39.7,39.10566711,40.98518372,45.7,45.13739395,47.41503525,48,51.34528351,
Thailand,THA,Access to electricity (% of population),EG.ELC.ACCS.ZS,,,,,,,,,,,,,,,,,,,,,,,,,,,,,,,,,,,,,,,,,82.1,89.42684937,90.28678894,91.12796783,91.94592285,92.73886871,99.14620148,94.28800201,95.06736755,98.96,99.7,99.46230316,99.10862355,99.4548645,99.76728821,99.6,100,99.9,100,
Tajikistan,TJK,Access to electricity (% of population),EG.ELC.ACCS.ZS,,,,,,,,,,,,,,,,,,,,,,,,,,,,,,,,,,,,,,,,97,98.46774194,98.67375183,99,100,98.68911743,99.3,98.58974457,98.52748108,98.47228241,99,98.42938995,98.46486664,99.1,98.68029022,98.84584808,98,99.24816132,99.3,99.3,
Turkmenistan,TKM,Access to electricity (% of population),EG.ELC.ACCS.ZS,,,,,,,,,,,,,,,,,,,,,,,,,,,,,,,,,,,,,,,,,99.6,99.59222412,99.65504456,99.69910431,99.71994781,99.71576691,99.8413328,99.67066956,99.65291595,99.65380859,100,99.91209412,99.98242188,100,100,100,100,100,100,
Latin America & the Caribbean (IDA & IBRD countries),TLA,Access to electricity (% of population),EG.ELC.ACCS.ZS,,,,,,,,,,,,,,,,,,,,,,,,,,,,,,,,,88.1846897,88.82611932,89.72251206,88.14621707,89.11291661,89.57276582,90.23957184,90.88722695,91.23145995,91.87970664,92.50302976,92.6139666,93.11147407,93.46486489,94.16634569,94.43849794,95.17135427,95.33858956,95.91455332,96.18602459,96.55262776,96.84609761,97.0104538,97.2762813,97.48402074,97.82470189,98.28893885,
Timor-Leste,TLS,Access to electricity (% of population),EG.ELC.ACCS.ZS,,,,,,,,,,,,,,,,,,,,,,,,,,,,,,,,,,,,,,,,,,25.6,24.10068321,27.7,30.44367981,33.57854843,36.69730759,36.6,42.93283463,46.07277298,38,52.45491791,55.71687698,59.0233345,62.36539078,67.28153394,76.5,80.00364685,85.59183502,
Middle East & North Africa (IDA & IBRD countries),TMN,Access to electricity (% of population),EG.ELC.ACCS.ZS,,,,,,,,,,,,,,,,,,,,,,,,,,,,,,,,,,,,,,,,,89.14987075,89.7043564,89.89968846,91.11394839,90.99203232,92.07697867,94.86326317,92.87991068,93.49179824,94.03547755,95.61496986,95.75028392,95.97522266,96.55347652,95.43495947,96.48582625,96.68600018,97.33836137,95.81008559,
Tonga,TON,Access to electricity (% of population),EG.ELC.ACCS.ZS,,,,,,,,,,,,,,,,,,,,,,,,,,,,,,,,,,,80,81.74660492,82.48479462,83.22598267,83.96992493,84.71298218,85.45069885,86.1785965,86.89220428,87.58706665,88.25870514,88.90531921,92.3,90.16181183,90.79485321,91.44654083,92.12845612,92.17545611,92.8,94.44410706,95.2979126,96.17841339,97.02,97.98391724,98.89260101,
South Asia (IDA & IBRD),TSA,Access to electricity (% of population),EG.ELC.ACCS.ZS,,,,,,,,,,,,,,,,,,,,,,,,,,,,,,,,,,47.03355013,45.5420383,47.26339947,48.44665621,49.91962952,53.93113621,57.6827175,57.18357165,54.96747727,60.64182043,62.31099595,62.51361444,64.66528409,65.77319724,67.63663535,69.63570588,72.07529564,73.15153744,67.01536938,77.15647283,77.79985489,80.47507654,84.46808684,86.62306947,89.82433633,91.62199183,
Sub-Saharan Africa (IDA & IBRD countries),TSS,Access to electricity (% of population),EG.ELC.ACCS.ZS,,,,,,,,,,,,,,,,,,,,,,,,,,,,,,,,,,,,,27.61495843,27.58188979,28.24309224,29.85166814,25.99522072,28.26737501,29.22948864,31.25487783,30.99971744,29.97300438,32.3968381,39.05205224,33.98065068,33.27859583,33.81835871,35.81861586,37.51816795,38.36278793,38.26370231,39.24965829,44.66427437,44.65887973,47.66005686,
Trinidad and Tobago,TTO,Access to electricity (% of population),EG.ELC.ACCS.ZS,,,,,,,,,,,,,,,,,,,,,,,,,,,,,,,93.16667175,93.47006226,93.77354431,94.07763672,94.38291931,94.69000244,94.99947357,95.31194305,95.62715912,95.9414978,91.29,96.54967499,96.83457184,97.10070801,97.3436203,97.56152344,100,100,100,99,100,100,100,100,100,100,100,100,100,
Tunisia,TUN,Access to electricity (% of population),EG.ELC.ACCS.ZS,,,,,,,,,,,,,,,,,,,,,,,,,,,,,,,,,,,86.8,88.7,90.4,92,93.2,94.2,94.8,97.3,97.8,98.4,99,99.3,99.4,99.4,99.4,99.5,99.5,99.5,99.5,99.7,99.8,99.9,100,100,99.8,
Turkey,TUR,Access to electricity (% of population),EG.ELC.ACCS.ZS,,,,,,,,,,,,,,,,,,,,,,,,,,,,,,,,,,,,,,,,,,,,,,,,,,,100,99.95624542,99.99124908,100,100,100,100,100,100,
Tuvalu,TUV,Access to electricity (% of population),EG.ELC.ACCS.ZS,,,,,,,,,,,,,,,,,,,,,,,,,,,,,,,,,,,,,,,,,,,94.62978316,95.13664246,95.42806244,95.69446564,95.94476318,96.7,96.443367,96.71483612,97.01654053,97.36005402,97.6717774,98.19154358,98.66513824,99.16542053,99.68350983,99.86871338,100,
Tanzania,TZA,Access to electricity (% of population),EG.ELC.ACCS.ZS,,,,,,,,,,,,,,,,,,,,,,,,,,,,,,,,,6.8,4.166660786,4.935978889,5.707093239,9.4,7.257106781,8.03635788,8,9.587760925,10.35097408,11.09990215,11.1,11.4,13.2189579,13.88478088,14.54607964,11.5,11.2,14.8,14.2,15.3,16.4,23.5,26.52727509,32.8,32.73287201,35.55897903,
Uganda,UGA,Access to electricity (% of population),EG.ELC.ACCS.ZS,,,,,,,,,,,,,,,,,,,,,,,,,,,,,,,,5.6,0.036207203,0.993453562,1.951897502,6.8,3.874773026,4.840402126,5.80877924,6.776279449,7.738433361,8.6,7.8,10.54812527,11.44420052,8.9,9,14.02063179,14.87811565,10,12.1,14.6,18.60691643,13.9,20.4,18.5,26.7,31.82337379,42.65,
Ukraine,UKR,Access to electricity (% of population),EG.ELC.ACCS.ZS,,,,,,,,,,,,,,,,,,,,,,,,,,,,,,,,,,,,,,,,,,,,,,99.8855617,100,99.8,100,100,100,100,99.86749117,100,100,100,100,100,100,
Upper middle income,UMC,Access to electricity (% of population),EG.ELC.ACCS.ZS,,,,,,,,,,,,,,,,,,,,,,,,,,,,,,,,,,,,,,,,,94.54190617,94.9673812,95.57117212,95.78315399,96.17228399,96.10135708,96.94645902,97.03433388,97.44097816,97.79222489,98.31928689,98.52387963,98.76792113,98.88128172,98.97641713,98.82231066,99.08136187,99.20068547,99.42320991,
Uruguay,URY,Access to electricity (% of population),EG.ELC.ACCS.ZS,,,,,,,,,,,,,,,,,,,,,,,,,,,,,,,,,97.60783386,97.7105484,97.81446075,97.92016602,98.02826691,98.13936615,98.25321198,98.36618042,98.47380066,98.5716095,98.65512848,98.71989441,98.76143646,98.77796173,98.505426,98.692636,98.784355,98.7988205,99.13176727,99.17,100,99.611808,99.657085,99.70948,99.7,100,100,
United States,USA,Access to electricity (% of population),EG.ELC.ACCS.ZS,,,,,,,,,,,,,,,,,,,,,,,,,,,,,,,100,100,100,100,100,100,100,100,100,100,100,100,100,100,100,100,100,100,100,100,100,100,100,100,100,100,100,100,100,
Uzbekistan,UZB,Access to electricity (% of population),EG.ELC.ACCS.ZS,,,,,,,,,,,,,,,,,,,,,,,,,,,,,,,,,,,,,99.6,99.32148743,99.41344452,99.50453186,99.590271,99.6661911,99.7,99.77070618,99.79036713,99.78500366,99.4900961,99.73754883,99.71861267,99.71832275,99.7482605,99.82001495,99.91741943,99.97418213,99.99636078,100,100,100,100,
St. Vincent and the Grenadines,VCT,Access to electricity (% of population),EG.ELC.ACCS.ZS,,,,,,,,,,,,,,,,,,,,,,,,,,,,,,,,66.8,69.08982849,70.43152618,71.77442169,73.11911011,74.46619415,75.81627655,77.16910553,78.52105713,79.86766052,82.41,82.52695465,83.83070374,85.11122894,86.36673737,87.60614014,88.79,90.08294678,91.34352875,92.63433075,93.96694946,95.34954834,96.77664948,98.23934174,99.72873688,99.82214355,99.98304749,100,
"Venezuela, RB",VEN,Access to electricity (% of population),EG.ELC.ACCS.ZS,,,,,,,,,,,,,,,,,,,,,,,,,,,,,,,,,97.820203,98.26727295,98.3341217,99,98.47380829,98.7,98.4,98.9,98.9,99.9,99.8,95.7,99.1,98.88994598,99.3,98.81213379,98.77802277,98.76255798,98.86400604,98.84,99.32654572,99.23458099,100,100,99.4,99.2,100,
British Virgin Islands,VGB,Access to electricity (% of population),EG.ELC.ACCS.ZS,,,,,,,,,,,,,,,,,,,,,,,,,,,,,,,91.61829376,91.93198395,92.24576569,92.56015778,92.87574005,93.19311523,93.51289368,93.83566284,94.16117859,94.48582458,94.80511475,95.11459351,95.40979004,95.68622589,95.9394455,96.16764069,96.37973022,96.58729553,96.80191803,97.03518677,98.58357239,98.98587036,99.22265625,99.21897125,99.26210022,100,100,100,100,
Virgin Islands (U.S.),VIR,Access to electricity (% of population),EG.ELC.ACCS.ZS,,,,,,,,,,,,,,,,,,,,,,,,,,,,,,,100,100,100,100,100,100,100,100,100,100,100,100,100,100,100,100,100,100,100,100,100,100,100,100,100,100,100,100,100,
Vietnam,VNM,Access to electricity (% of population),EG.ELC.ACCS.ZS,,,,,,,,,,,,,,,,,,,,,,,,,,,,,,,,,,,,,,78.4,85.34568787,86.26945496,87.18787384,88.09648132,89.1,89.86636353,90.71869659,96.1,96,93.16392517,93.97767639,96.1,98.45297241,99,99.03380585,99.00099182,99.2,99.7993927,99.2,100,100,
Vanuatu,VUT,Access to electricity (% of population),EG.ELC.ACCS.ZS,,,,,,,,,,,,,,,,,,,,,,,,,,,,,,,,,,,18,13.00385571,14.84638977,16.69191933,18.54019547,19.1,22.22964859,24.06188583,25.87983894,27.67903709,29.45501328,31.20597076,26.44,33.62462006,36.40852356,33.29111519,44.1,41.77887344,43.6569252,31.7,49.06949234,52.38574982,57.82,62.8,61.86476898,
World,WLD,Access to electricity (% of population),EG.ELC.ACCS.ZS,,,,,,,,,,,,,,,,,,,,,,,,,,,,,,,,,,,,,,,72.65488984,74.13646607,78.30428528,77.95232711,79.2255386,79.83994112,80.00546511,80.3147617,81.2384397,82.285432,82.2361669,82.68079601,83.32617294,82.18230406,84.85223543,85.09190856,85.59515261,86.66280927,87.95486328,88.84952639,89.58853431,
Samoa,WSM,Access to electricity (% of population),EG.ELC.ACCS.ZS,,,,,,,,,,,,,,,,,,,,,,,,,,,,,,,,78.8,81.12772369,81.96414948,80,83.64120483,84.4830246,85.32783508,86.17539978,87.0220871,87.86341858,88.69494629,89.51218414,90.31066895,91.08592987,91.83616638,96.37172973,93.2999115,98.1,97.9,96.69391632,96.6685747,97.28211975,98.20394897,97.9,99.67809296,99.94758606,96.8,100,
Kosovo,XKX,Access to electricity (% of population),EG.ELC.ACCS.ZS,,,,,,,,,,,,,,,,,,,,,,,,,,,,,,,,,,,,,,,,,,,,,,,,,,,99,100,100,100,100,100,100,99.8,100,
"Yemen, Rep.",YEM,Access to electricity (% of population),EG.ELC.ACCS.ZS,,,,,,,,,,,,,,,,,,,,,,,,,,,,,,,,,44.1,41.11056137,42.37266541,43.63656998,44.90286636,42.6,47.44419479,48.71535492,49.98117065,51.23717117,52.47888565,53.70184326,49.59,56.07630157,55.80033463,58.38899612,59.55014038,60.72993088,73.74887085,73.43313599,72.95188141,75.6,66.1,71.17988586,70.8562851,79.2,62,
South Africa,ZAF,Access to electricity (% of population),EG.ELC.ACCS.ZS,,,,,,,,,,,,,,,,,,,,,,,,,,,,,,,,,,,,,57.6,68.52000427,64.9,70.67778778,71.75089264,70.2,77.1,78.8,80.9,80.9,80.7,82,81.9,82.7,82.9,84.7,85.3,85.4,86,85.5,84.2,84.4,91.22987366,
Zambia,ZMB,Access to electricity (% of population),EG.ELC.ACCS.ZS,,,,,,,,,,,,,,,,,,,,,,,,,,,,,,,13.9,12.78897762,19.2,14.21560955,14.93042278,15.64703274,17.3,17.08803558,19,18.53665161,16.7,19.96388245,17.4,18.5,20.3,22.61384392,23.22516251,18.5,24.44581032,25.0783062,22,26.44556808,27.2000885,28.01492882,27.9,31.1,35.30733871,40.3,39.81262207,
Zimbabwe,ZWE,Access to electricity (% of population),EG.ELC.ACCS.ZS,,,,,,,,,,,,,,,,,,,,,,,,,,,,,,,,,28.2,31.15446472,28.1,31.92597389,32.31502151,32.70706177,33.10185242,38.4,33.88433075,34.26308441,34.2,34.97325897,35.29574966,35.59321976,37.2,36.15141678,36.43531418,43.36908187,39.77906036,36.9,44,38.33882523,32.3,33.7,39.92399216,40.48204803,41.04158401,