Year,Country,Region,Happiness.Rank,Happiness.Score,Lower.Confidence.Interval,Upper.Confidence.Interval,Economy.GDP.per.Capita,Family,Health.Life.Expectancy,Freedom,Trust.Government.Corruption,Generosity,Dystopia.Residual
2015,Switzerland,Western Europe,1,7.587,7.520145628487339,7.653854371512661,1.39651,1.34951,0.94143,0.66557,0.41978,0.29678,2.51738
2015,Iceland,Western Europe,2,7.561,7.465275358995064,7.656724641004936,1.30232,1.40223,0.94784,0.62877,0.14145,0.4363,2.70201
2015,Denmark,Western Europe,3,7.527,7.4617723985945075,7.592227601405493,1.32548,1.36058,0.87464,0.64938,0.48357,0.34139,2.49204
2015,Norway,Western Europe,4,7.522,7.445953397399846,7.598046602600155,1.459,1.33095,0.88521,0.66973,0.36503,0.34699,2.46531
2015,Canada,North America,5,7.427,7.357362479629291,7.496637520370708,1.32629,1.32261,0.90563,0.63297,0.32957,0.45811,2.45176
2015,Finland,Western Europe,6,7.406,7.344457130885442,7.467542869114557,1.29025,1.31826,0.88911,0.64169,0.41372,0.23351,2.61955
2015,Netherlands,Western Europe,7,7.378,7.323140608072724,7.432859391927276,1.32944,1.28017,0.89284,0.61576,0.31814,0.4761,2.4657
2015,Sweden,Western Europe,8,7.364,7.30212393700807,7.42587606299193,1.33171,1.28907,0.91087,0.6598,0.43844,0.36262,2.37119
2015,New Zealand,Australia and New Zealand,9,7.286,7.219929614081154,7.352070385918845,1.25018,1.31967,0.90837,0.63938,0.42922,0.47501,2.26425
2015,Australia,Australia and New Zealand,10,7.284,7.203974670511229,7.36402532948877,1.33358,1.30923,0.93156,0.65124,0.35637,0.43562,2.26646
2015,Israel,Middle East and Northern Africa,11,7.278,7.209989249736459,7.34601075026354,1.22857,1.22393,0.91387,0.41319,0.07785,0.33172,3.08854
2015,Costa Rica,Latin America and Caribbean,12,7.226,7.138703204128586,7.313296795871414,0.95578,1.23788,0.86027,0.63376,0.10583,0.25497,3.17728
2015,Austria,Western Europe,13,7.2,7.126481750939902,7.273518249060098,1.33723,1.29704,0.89042,0.62433,0.18676,0.33088,2.5332
2015,Mexico,Latin America and Caribbean,14,7.187,7.1051519040056075,7.268848095994393,1.02054,0.91451,0.81444,0.48181,0.21312,0.14074,3.60214
2015,United States,North America,15,7.119,7.043756982633507,7.194243017366492,1.39451,1.24711,0.86179,0.54604,0.1589,0.40105,2.51011
2015,Brazil,Latin America and Caribbean,16,6.983,6.903111867990147,7.062888132009852,0.98124,1.23287,0.69702,0.49049,0.17521,0.14574,3.26001
2015,Luxembourg,Western Europe,17,6.946,6.877420860180943,7.014579139819056,1.56391,1.21963,0.91894,0.61583,0.37798,0.28034,1.96961
2015,Ireland,Western Europe,18,6.94,6.867951723928308,7.012048276071693,1.33596,1.36948,0.89533,0.61777,0.28703,0.45901,1.9757
2015,Belgium,Western Europe,19,6.937,6.8665392947557855,7.007460705244215,1.30782,1.28566,0.89667,0.5845,0.2254,0.2225,2.41484
2015,United Arab Emirates,Middle East and Northern Africa,20,6.901,6.827912943016501,6.974087056983499,1.42727,1.12575,0.80925,0.64157,0.38583,0.26428,2.24743
2015,United Kingdom,Western Europe,21,6.867,6.830427072048483,6.903572927951517,1.26637,1.28548,0.90943,0.59625,0.32067,0.51912,1.96994
2015,Oman,Middle East and Northern Africa,22,6.853,6.748435921424788,6.957564078575212,1.36011,1.08182,0.76276,0.63274,0.32524,0.21542,2.47489
2015,Venezuela,Latin America and Caribbean,23,6.81,6.683072732361186,6.936927267638813,1.04424,1.25596,0.72052,0.42908,0.11069,0.05841,3.19131
2015,Singapore,Southeastern Asia,24,6.798,6.723913361384386,6.872086638615614,1.52186,1.02,1.02525,0.54252,0.4921,0.31105,1.88501
2015,Panama,Latin America and Caribbean,25,6.786,6.6897657683590825,6.882234231640917,1.06353,1.1985,0.79661,0.5421,0.0927,0.24434,2.84848
2015,Germany,Western Europe,26,6.75,6.7137798655657,6.7862201344343,1.32792,1.29937,0.89186,0.61477,0.21843,0.28214,2.11569
2015,Chile,Latin America and Caribbean,27,6.67,6.5563220888966764,6.783677911103323,1.10715,1.12447,0.85857000000000006,0.44132,0.12869,0.33363,2.67585
2015,Qatar,Middle East and Northern Africa,28,6.611,6.488365053487328,6.733634946512671,1.69042,1.0786,0.79733,0.6404,0.52208,0.32573,1.55674
2015,France,Western Europe,29,6.575,6.506166064862954,6.643833935137047,1.27778,1.26038,0.94579,0.55011,0.20646,0.12332,2.21126
2015,Argentina,Latin America and Caribbean,30,6.574,6.483606461033013,6.664393538966987,1.05351,1.24823,0.78723,0.44974,0.08484,0.11451,2.836
2015,Czech Republic,Central and Eastern Europe,31,6.505,6.423308701124371,6.586691298875629,1.17898,1.20643,0.84483,0.46364,0.02652,0.10686,2.67782
2015,Uruguay,Latin America and Caribbean,32,6.485,6.396037234741727,6.5739627652582735,1.06166,1.2089,0.8116,0.60362,0.24558,0.2324,2.32142
2015,Colombia,Latin America and Caribbean,33,6.477,6.378002219140882,6.575997780859119,0.91861,1.24018,0.69077,0.53466,0.0512,0.18401,2.85737
2015,Thailand,Southeastern Asia,34,6.455,6.38528408106991,6.52471591893009,0.9669,1.26504,0.7385,0.55664,0.03187,0.5763,2.31945
2015,Saudi Arabia,Middle East and Northern Africa,35,6.411,6.320194868596259,6.50180513140374,1.39541,1.08393,0.72025,0.31048,0.32524,0.13706,2.43872
2015,Spain,Western Europe,36,6.329,6.261028449016151,6.3969715509838485,1.23011,1.31379,0.95562,0.45951,0.06398,0.18227,2.12367
2015,Malta,Western Europe,37,6.302,6.219563914810245,6.384436085189754,1.2074,1.30203,0.88721,0.60365,0.13586,0.51752,1.6488
2015,Taiwan,Eastern Asia,38,6.298,6.22218859307799,6.373811406922009,1.29098,1.07617,0.8753,0.3974,0.08129,0.25376,2.32323
2015,Kuwait,Middle East and Northern Africa,39,6.295,6.207664004848895,6.382335995151105,1.55422,1.16594,0.72492,0.55499,0.25609,0.16228,1.87634
2015,Suriname,Latin America and Caribbean,40,6.269,6.076707933476776,6.4612920665232245,0.99534,0.972,0.6082,0.59657,0.13633,0.16991,2.79094
2015,Trinidad and Tobago,Latin America and Caribbean,41,6.168,5.954461923884361,6.381538076115639,1.21183,1.18354,0.61483,0.55884,0.0114,0.31844,2.26882
2015,El Salvador,Latin America and Caribbean,42,6.13,6.01988922334854,6.24011077665146,0.76454,1.02507,0.67737,0.4035,0.11776,0.10692,3.035
2015,Guatemala,Latin America and Caribbean,43,6.123,6.020611481447628,6.225388518552372,0.74553,1.04356,0.64425,0.57733,0.09472,0.27489,2.74255
2015,Uzbekistan,Central and Eastern Europe,44,6.003,5.917525970634208,6.088474029365792,0.63244,1.34043,0.59772,0.65821,0.30826,0.22837,2.23741
2015,Slovakia,Central and Eastern Europe,45,5.995,5.911368336779676,6.0786316632203246,1.16891,1.26999,0.78902,0.31751,0.03431,0.16893,2.24639
2015,Japan,Eastern Asia,46,5.987,5.916813689713621,6.057186310286379,1.27074,1.25712,0.99111,0.49615,0.1806,0.10705,1.68435
2015,South Korea,Eastern Asia,47,5.984,5.903680675913549,6.064319324086451,1.24461,0.95774,0.96538,0.33208,0.07857,0.18557,2.21978
2015,Ecuador,Latin America and Caribbean,48,5.975,5.886252830780026,6.063747169219973,0.86402,0.99903,0.79075,0.48574,0.1809,0.11541,2.53942
2015,Bahrain,Middle East and Northern Africa,49,5.96,5.853926749156693,6.066073250843307,1.32376,1.21624,0.74716,0.45492,0.306,0.17362,1.73797
2015,Italy,Western Europe,50,5.948,5.871287009645103,6.024712990354898,1.25114,1.19777,0.95446,0.26236,0.02901,0.22823,2.02518
2015,Bolivia,Latin America and Caribbean,51,5.89,5.77941883199225,6.000581168007749,0.68133,0.97841,0.5392,0.57414,0.088,0.20536,2.82334
2015,Moldova,Central and Eastern Europe,52,5.889,5.814540968227323,5.963459031772677,0.59448,1.01528,0.61826,0.32818,0.01615,0.20951,3.10712
2015,Paraguay,Latin America and Caribbean,53,5.878,5.788566843385437,5.967433156614563,0.75985,1.30477,0.66098,0.53899,0.08242,0.3424,2.18896
2015,Kazakhstan,Central and Eastern Europe,54,5.855,5.774367081676022,5.935632918323979,1.12254,1.12241,0.64368,0.51649,0.08454,0.11827,2.24729
2015,Slovenia,Central and Eastern Europe,55,5.848,5.764681931017202,5.931318068982797,1.18498,1.27385,0.87337,0.60855,0.03787,0.25328,1.61583
2015,Lithuania,Central and Eastern Europe,56,5.833,5.757678584074126,5.908321415925874,1.14723,1.25745,0.73128,0.21342,0.01031,0.02641,2.44649
2015,Nicaragua,Latin America and Caribbean,57,5.828,5.722730334390354,5.933269665609647,0.59325,1.14184,0.74314,0.55475,0.19317,0.27815,2.32407
2015,Peru,Latin America and Caribbean,58,5.824,5.733547662113477,5.914452337886523,0.90019,0.97459,0.73017,0.41496,0.05989,0.14982,2.5945
2015,Belarus,Central and Eastern Europe,59,5.813,5.735816618288813,5.890183381711187,1.03192,1.23289,0.73608,0.37938,0.1909,0.11046,2.1309
2015,Poland,Central and Eastern Europe,60,5.791,5.707446735339058,5.874553264660943,1.12555,1.27948,0.77903,0.53122,0.04212,0.16759,1.86565
2015,Malaysia,Southeastern Asia,61,5.77,5.685133559469415,5.854866440530584,1.12486,1.07023,0.72394,0.53024,0.10501,0.33075,1.88541
2015,Croatia,Central and Eastern Europe,62,5.759,5.672879182519311,5.84512081748069,1.08254,0.79624,0.78805,0.25883,0.0243,0.05444,2.75414
2015,Libya,Middle East and Northern Africa,63,5.754,5.600495620730823,5.907504379269176,1.13145,1.11862,0.7038,0.41668,0.11023,0.18295,2.09066
2015,Russia,Central and Eastern Europe,64,5.716,5.654555129084669,5.777444870915331,1.13764,1.23617,0.66926,0.36679,0.03005,0.00199,2.27394
2015,Jamaica,Latin America and Caribbean,65,5.709,5.44062213159693,5.977377868403069,0.81038,1.15102,0.68741,0.50442,0.02299,0.2123,2.32038
2015,North Cyprus,Western Europe,66,5.695,5.584556029471169,5.805443970528832,1.20806,1.07008,0.92356,0.49027,0.1428,0.26169,1.59888
2015,Cyprus,Western Europe,67,5.689,5.579634009662665,5.798365990337335,1.20813,0.89318,0.92356,0.40672,0.06146,0.30638,1.88931
2015,Algeria,Middle East and Northern Africa,68,5.605,5.505061436428303,5.704938563571698,0.93929,1.07772,0.61766,0.28579,0.17383,0.07822,2.43209
2015,Kosovo,Central and Eastern Europe,69,5.589,5.49064900725578,5.6873509927442205,0.80148,0.81198,0.63132,0.24749,0.04741,0.2831,2.76579
2015,Turkmenistan,Central and Eastern Europe,70,5.548,5.466171503645453,5.6298284963545475,0.95847,1.22668,0.53886,0.4761,0.30844,0.16979,1.86984
2015,Mauritius,Sub-Saharan Africa,71,5.477,5.335941392032653,5.618058607967348,1.00761,0.98521,0.7095,0.56066,0.07521,0.37744,1.76145
2015,Hong Kong,Eastern Asia,72,5.474,5.375002219140882,5.572997780859119,1.38604,1.05818,1.01328,0.59608,0.37124,0.39478,0.65429
2015,Estonia,Central and Eastern Europe,73,5.429,5.350346645300408,5.507653354699593,1.15174,1.22791,0.77361,0.44888,0.15184,0.0868,1.58782
2015,Indonesia,Southeastern Asia,74,5.399,5.34811933496134,5.44988066503866,0.82827,1.08708,0.63793,0.46611,0,0.51535,1.86399
2015,Vietnam,Southeastern Asia,75,5.36,5.299103919000341,5.420896080999659,0.63216,0.91226,0.74676,0.59444,0.10441,0.1686,2.20173
2015,Turkey,Middle East and Northern Africa,76,5.332,5.256266991637372,5.407733008362627,1.06098,0.94632,0.73172,0.22815,0.15746,0.12253,2.08528
2015,Kyrgyzstan,Central and Eastern Europe,77,5.286,5.211070576871033,5.360929423128966,0.47428,1.15115,0.65088,0.43477,0.04232,0.3003,2.2327
2015,Nigeria,Sub-Saharan Africa,78,5.268,5.185838309768081,5.350161690231919,0.65435,0.90432,0.16007,0.34334,0.0403,0.27233,2.89319
2015,Bhutan,Southern Asia,79,5.253,5.189791161498583,5.316208838501417,0.77042,1.10395,0.57407,0.53206,0.15445,0.47998,1.63794
2015,Azerbaijan,Central and Eastern Europe,80,5.212,5.146086411199918,5.277913588800081,1.02389,0.93793,0.64045,0.3703,0.16065,0.07799,2.00073
2015,Pakistan,Southern Asia,81,5.194,5.120971741936038,5.267028258063962,0.59543,0.41411,0.51466,0.12102,0.10464,0.33671,3.10709
2015,Jordan,Middle East and Northern Africa,82,5.192,5.103331229339408,5.280668770660593,0.90198,1.05392,0.69639,0.40661,0.14293,0.11053,1.87996
2015,Montenegro,Central and Eastern Europe,82,5.192,5.089395885409329,5.294604114590672,0.97438,0.90557,0.72521,0.1826,0.14296,0.1614,2.10017
2015,China,Eastern Asia,84,5.14,5.092490473014749,5.1875095269852505,0.89012,0.94675,0.81658,0.51697,0.02781,0.08185,1.8604
2015,Zambia,Sub-Saharan Africa,85,5.129,4.992037716760341,5.265962283239658,0.47038,0.91612,0.29924,0.48827,0.12468,0.19591,2.6343
2015,Romania,Central and Eastern Europe,86,5.124,4.994505179541438,5.253494820458561,1.04345,0.88588,0.7689,0.35068,0.00649,0.13748,1.93129
2015,Serbia,Central and Eastern Europe,87,5.123,5.027667351791972,5.218332648208029,0.92053,1.00964,0.74836,0.20107,0.02617,0.19231,2.025
2015,Portugal,Western Europe,88,5.102,5.007882529462387,5.196117470537613,1.15991,1.13935,0.87519,0.51469,0.01078,0.13719,1.26462
2015,Latvia,Central and Eastern Europe,89,5.098,5.007057671117342,5.188942328882658,1.11312,1.09562,0.72437,0.29671,0.06332,0.18226,1.62215
2015,Philippines,Southeastern Asia,90,5.073,4.976295377002794,5.169704622997207,0.70532,1.03516,0.58114,0.62545,0.12279,0.24991,1.7536
2015,Somaliland region,Sub-Saharan Africa,91,5.057,4.936246618912488,5.177753381087513,0.18847,0.95152,0.43873,0.46582,0.39928,0.50318,2.11032
2015,Morocco,Middle East and Northern Africa,92,5.013,4.94596923172873,5.0800307682712695,0.73479,0.64095,0.60954,0.41691,0.08546,0.07172,2.45373
2015,Macedonia,Central and Eastern Europe,93,5.007,4.901632336191127,5.112367663808873,0.91851,1.00232,0.73545,0.33457,0.05327,0.22359,1.73933
2015,Mozambique,Sub-Saharan Africa,94,4.971,4.816241243780717,5.125758756219283,0.08308,1.02626,0.09131,0.34037,0.15603,0.22269,3.05137
2015,Albania,Central and Eastern Europe,95,4.959,4.860747005455007,5.057252994544992,0.87867,0.80434,0.81325,0.35733,0.06413,0.14272,1.89894
2015,Bosnia and Herzegovina,Central and Eastern Europe,96,4.949,4.813507689748746,5.084492310251254,0.83223,0.91916,0.79081,0.09245,0.00227,0.24808,2.06367
2015,Lesotho,Sub-Saharan Africa,97,4.898,4.71301859913911,5.08298140086089,0.37545,1.04103,0.07612,0.31767,0.12504,0.16388,2.79832
2015,Dominican Republic,Latin America and Caribbean,98,4.885,4.739061081711148,5.030938918288852,0.89537,1.17202,0.66825,0.57672,0.14234,0.21684,1.21305
2015,Laos,Southeastern Asia,99,4.876,4.744721612315508,5.007278387684493,0.59066,0.73803,0.54909,0.59591,0.24249,0.42192,1.73799
2015,Mongolia,Eastern Asia,100,4.874,4.809066393192188,4.938933606807812,0.82819,1.3006,0.60268,0.43626,0.02666,0.3323,1.34759
2015,Swaziland,Sub-Saharan Africa,101,4.867,4.6956599484715085,5.0383400515284915,0.71206,1.07284,0.07566,0.30658,0.0306,0.18259,2.48676
2015,Greece,Western Europe,102,4.857,4.757786623102582,4.956213376897418,1.15406,0.92933,0.88213,0.07699,0.01397,0,1.80101
2015,Lebanon,Middle East and Northern Africa,103,4.839,4.753996361990498,4.924003638009503,1.02564,0.80001,0.83947,0.33916,0.04582,0.21854,1.57059
2015,Hungary,Central and Eastern Europe,104,4.8,4.680304999464139,4.919695000535861,1.12094,1.20215,0.75905,0.32112,0.02758,0.128,1.24074
2015,Honduras,Latin America and Caribbean,105,4.788,4.677301234153178,4.898698765846823,0.59532,0.95348,0.6951,0.40148,0.06825,0.23027,1.84408
2015,Tajikistan,Central and Eastern Europe,106,4.786,4.723320351774409,4.84867964822559,0.39047,0.85563,0.57379,0.47216,0.15072,0.22974,2.11399
2015,Tunisia,Middle East and Northern Africa,107,4.739,4.668656892594857,4.809343107405143,0.88113,0.60429,0.73793,0.26268,0.06358,0.06431,2.12466
2015,Palestinian Territories,Middle East and Northern Africa,108,4.715,4.62887918251931,4.801120817480689,0.59867,0.92558,0.66015,0.24499,0.12905,0.11251,2.04384
2015,Bangladesh,Southern Asia,109,4.694,4.633691908195702,4.7543080918042975,0.39753,0.43106,0.60164,0.4082,0.12569,0.21222,2.51767
2015,Iran,Middle East and Northern Africa,110,4.686,4.598801202327813,4.773198797672187,1.0088,0.54447,0.69805,0.30033,0.05863,0.38086,1.6944
2015,Ukraine,Central and Eastern Europe,111,4.681,4.594526389002093,4.767473610997907,0.79907,1.20278,0.6739,0.25123,0.02961,0.15275,1.5714
2015,Iraq,Middle East and Northern Africa,112,4.677,4.574454684328864,4.779545315671135,0.98549,0.81889,0.60237,0,0.13788,0.17922,1.95335
2015,South Africa,Sub-Saharan Africa,113,4.642,4.552135651308839,4.731864348691162,0.92049,1.18468,0.27688,0.33207,0.08884,0.11973,1.71956
2015,Ghana,Sub-Saharan Africa,114,4.633,4.540058507853111,4.725941492146889,0.54558,0.67954,0.40132,0.42342,0.04355,0.23087,2.30919
2015,Zimbabwe,Sub-Saharan Africa,115,4.61,4.525917545063232,4.694082454936769,0.271,1.03276,0.33475,0.25861,0.08079,0.18987,2.44191
2015,Liberia,Sub-Saharan Africa,116,4.571,4.354071186191106,4.787928813808893,0.0712,0.78968,0.34201,0.28531,0.06232,0.24362,2.77729
2015,India,Southern Asia,117,4.565,4.524957935795847,4.605042064204154,0.64499,0.38174,0.51529,0.39786,0.08492,0.26475,2.27513
2015,Sudan,Sub-Saharan Africa,118,4.55,4.417898427442,4.6821015725579995,0.52107,1.01404,0.36878,0.10081,0.1466,0.19062,2.20857
2015,Haiti,Latin America and Caribbean,119,4.518,4.374315040293369,4.661684959706631,0.26673,0.74302,0.38847,0.24425,0.17175,0.46187,2.24173
2015,Congo (Kinshasa),Sub-Saharan Africa,120,4.517,4.444873325368927,4.589126674631074,0,1.0012,0.09806,0.22605,0.07625,0.24834,2.86712
2015,Nepal,Southern Asia,121,4.514,4.443304099077641,4.58469590092236,0.35997,0.86449,0.56874,0.38282,0.05907,0.32296,1.95637
2015,Ethiopia,Sub-Saharan Africa,122,4.512,4.4379133613843855,4.586086638615614,0.19073,0.60406,0.44055,0.4345,0.15048,0.24325,2.44876
2015,Sierra Leone,Sub-Saharan Africa,123,4.507,4.368469745572709,4.645530254427291,0.33024,0.95571,0,0.4084,0.08786,0.21488,2.51009
2015,Mauritania,Sub-Saharan Africa,124,4.436,4.358640221530204,4.513359778469796,0.45407,0.86908,0.35874,0.24232,0.17461,0.219,2.11773
2015,Kenya,Sub-Saharan Africa,125,4.419,4.326215304971873,4.511784695028126,0.36471,0.99876,0.41435,0.42215,0.05839,0.37542,1.78555
2015,Djibouti,Sub-Saharan Africa,126,4.369,4.210321315811637,4.527678684188363,0.44025,0.59207,0.36291,0.46074,0.28105,0.18093,2.05125
2015,Armenia,Central and Eastern Europe,127,4.35,4.256646915416357,4.443353084583642,0.76821,0.77711,0.7299,0.19847,0.039,0.07855,1.75873
2015,Botswana,Sub-Saharan Africa,128,4.332,4.235295377002793,4.4287046229972065,0.99355,1.10464,0.04776,0.49495,0.12474,0.10461,1.46181
2015,Myanmar,Southeastern Asia,129,4.307,4.2217219670326624,4.392278032967338,0.27108,0.70905,0.48246,0.44017,0.19034,0.79588,1.41805
2015,Georgia,Central and Eastern Europe,130,4.297,4.214269920212564,4.379730079787436,0.7419,0.38562,0.72926,0.40577,0.38331,0.05547,1.59541
2015,Malawi,Sub-Saharan Africa,131,4.292,4.171854207747694,4.412145792252305,0.01604,0.41134,0.22562,0.43054,0.06977,0.33128,2.80791
2015,Sri Lanka,Southern Asia,132,4.271,4.197481750939902,4.344518249060098,0.83524,1.01905,0.70806,0.53726,0.09179,0.40828,0.67108
2015,Cameroon,Sub-Saharan Africa,133,4.252,4.160312884803216,4.343687115196784,0.4225,0.88767,0.23402,0.49309,0.05786,0.20618,1.95071
2015,Bulgaria,Central and Eastern Europe,134,4.218,4.123372938826406,4.312627061173594,1.01216,1.10614,0.76649,0.30587,0.00872,0.11921,0.89991
2015,Egypt,Middle East and Northern Africa,135,4.194,4.130105174103994,4.257894825896006,0.8818,0.747,0.61712,0.17288,0.06324,0.11291,1.59927
2015,Yemen,Middle East and Northern Africa,136,4.077,3.991408372795136,4.162591627204864,0.54649,0.68093,0.40064,0.35571,0.07854,0.09131,1.92313
2015,Angola,Sub-Saharan Africa,137,4.033,3.9397449136155847,4.1262550863844165,0.75778,0.8604,0.16683,0.10384,0.07122,0.12344,1.94939
2015,Mali,Sub-Saharan Africa,138,3.995,3.8852028175860664,4.104797182413934,0.26074,1.03526,0.20583,0.38857,0.12352,0.18798,1.79293
2015,Congo (Brazzaville),Sub-Saharan Africa,139,3.989,3.8580352065530334,4.119964793446966,0.67866,0.6629,0.31051,0.41466,0.11686,0.12388,1.68135
2015,Comoros,Sub-Saharan Africa,140,3.956,3.8619805276616135,4.050019472338386,0.23906,0.79273,0.36315,0.22917,0.199,0.17441,1.95812
2015,Uganda,Sub-Saharan Africa,141,3.931,3.846388354787406,4.015611645212594,0.21102,1.13299,0.33861,0.45727,0.07267,0.29066,1.42766
2015,Senegal,Sub-Saharan Africa,142,3.904,3.8332844994377946,3.9747155005622052,0.36498,0.97619,0.4354,0.36772,0.10713,0.20843,1.44395
2015,Gabon,Sub-Saharan Africa,143,3.896,3.8068804376229637,3.985119562377036,1.06024,0.90528,0.43372,0.31914,0.11091,0.06822,0.99895
2015,Niger,Sub-Saharan Africa,144,3.845,3.7744020972768673,3.915597902723133,0.0694,0.77265,0.29707,0.47692,0.15639,0.19387,1.87877
2015,Cambodia,Southeastern Asia,145,3.819,3.7196494256236647,3.918350574376335,0.46038,0.62736,0.61114,0.66246,0.07247,0.40359,0.98195
2015,Tanzania,Sub-Saharan Africa,146,3.781,3.681806222742428,3.8801937772575723,0.2852,1.00268,0.38215,0.32878,0.05747,0.34377,1.38079
2015,Madagascar,Sub-Saharan Africa,147,3.681,3.60979450844166,3.7522054915583403,0.20824,0.66801,0.46721,0.19184,0.08124,0.21333,1.851
2015,Central African Republic,Sub-Saharan Africa,148,3.678,3.558207001264912,3.797792998735088,0.0785,0,0.06699,0.48879,0.08289,0.23835,2.7223
2015,Chad,Sub-Saharan Africa,149,3.667,3.5919333793921155,3.7420666206078836,0.34193,0.76062,0.1501,0.23501,0.05269,0.18386,1.94296
2015,Guinea,Sub-Saharan Africa,150,3.656,3.585637292955012,3.726362707044988,0.17417,0.46475,0.24009,0.37725,0.12139,0.28657,1.99172
2015,Ivory Coast,Sub-Saharan Africa,151,3.655,3.5542382515547954,3.755761748445204,0.46534,0.77115,0.15185,0.46866,0.17922,0.20165,1.41723
2015,Burkina Faso,Sub-Saharan Africa,152,3.587,3.5022511573084882,3.671748842691512,0.25812,0.85188,0.27125,0.39493,0.12832,0.21747,1.46494
2015,Afghanistan,Southern Asia,153,3.575,3.514554710716785,3.6354452892832154,0.31982,0.30285,0.30335,0.23414,0.09719,0.3651,1.9521
2015,Rwanda,Sub-Saharan Africa,154,3.465,3.3971068475755324,3.5328931524244673,0.22208,0.7737,0.42864,0.59201,0.55191,0.22628,0.67042
2015,Benin,Sub-Saharan Africa,155,3.34,3.2683437167252154,3.4116562832747843,0.28665,0.35386,0.3191,0.4845,0.0801,0.1826,1.63328
2015,Syria,Middle East and Northern Africa,156,3.006,2.907707806175316,3.1042921938246835,0.6632,0.47489,0.72193,0.15684,0.18906,0.47179,0.32858
2015,Burundi,Sub-Saharan Africa,157,2.905,2.7353063182185218,3.074693681781478,0.0153,0.41587,0.22396,0.1185,0.10062,0.19727,1.83302
2015,Togo,Sub-Saharan Africa,158,2.839,2.7071532227599904,2.9708467772400096,0.20868,0.13995,0.28443,0.36453,0.10731,0.16681000000000001,1.56726
2016,Denmark,Western Europe,1,7.526,7.46,7.592,1.44178,1.16374,0.79504,0.57941,0.44453,0.36171,2.73939
2016,Switzerland,Western Europe,2,7.509,7.428,7.59,1.52733,1.14524,0.86303,0.58557,0.41203,0.28083,2.69463
2016,Iceland,Western Europe,3,7.501,7.333,7.669,1.42666,1.18326,0.86733,0.56624,0.14975,0.47678,2.83137
2016,Norway,Western Europe,4,7.498,7.421,7.575,1.57744,1.1269,0.79579,0.59609,0.35776,0.37895,2.66465
2016,Finland,Western Europe,5,7.413,7.351,7.475,1.40598,1.13464,0.81091,0.57104,0.41004,0.25492,2.82596
2016,Canada,North America,6,7.404,7.335,7.473,1.44015,1.0961,0.8276,0.5737,0.31329,0.44834,2.70485
2016,Netherlands,Western Europe,7,7.339,7.284,7.394,1.46468,1.02912,0.81231,0.55211,0.29927,0.47416,2.70749
2016,New Zealand,Australia and New Zealand,8,7.334,7.264,7.404,1.36066,1.17278,0.83096,0.58147,0.41904,0.49401,2.47553
2016,Australia,Australia and New Zealand,9,7.313,7.241,7.385,1.44443,1.10476,0.8512,0.56837,0.32331,0.47407,2.5465
2016,Sweden,Western Europe,10,7.291,7.227,7.355,1.45181,1.08764,0.83121,0.58218,0.40867,0.38254,2.54734
2016,Israel,Middle East and Northern Africa,11,7.267,7.199,7.335,1.33766,0.99537,0.84917,0.36432,0.08728,0.32288,3.31029
2016,Austria,Western Europe,12,7.119,7.045,7.193,1.45038,1.08383,0.80565,0.54355,0.21348,0.32865,2.69343
2016,United States,North America,13,7.104,7.02,7.188,1.50796,1.04782,0.779,0.48163,0.14868,0.41077,2.72782
2016,Costa Rica,Latin America and Caribbean,14,7.087,6.999,7.175,1.06879,1.02152,0.76146,0.55225,0.10547,0.22553,3.35168
2016,Puerto Rico,Latin America and Caribbean,15,7.039,6.794,7.284,1.35943,1.08113,0.77758,0.46823,0.12275,0.22202,3.0076
2016,Germany,Western Europe,16,6.994,6.93,7.058,1.44787,1.09774,0.81487,0.53466,0.28551,0.30452,2.50931
2016,Brazil,Latin America and Caribbean,17,6.952,6.875,7.029,1.08754,1.03938,0.61415,0.40425,0.14166,0.15776,3.50733
2016,Belgium,Western Europe,18,6.929,6.861,6.997,1.42539,1.05249,0.81959,0.51354,0.26248,0.2424,2.61355
2016,Ireland,Western Europe,19,6.907,6.836,6.978,1.48341,1.16157,0.81455,0.54008,0.29754,0.44963,2.15988
2016,Luxembourg,Western Europe,20,6.871,6.804,6.938,1.69752,1.03999,0.84542,0.5487,0.35329,0.27571,2.11055
2016,Mexico,Latin America and Caribbean,21,6.778,6.68,6.876,1.11508,0.7146,0.71143,0.37709,0.18355,0.11735,3.55906
2016,Singapore,Southeastern Asia,22,6.739,6.674,6.804,1.64555,0.86758,0.94719,0.4877,0.46987,0.32706,1.99375
2016,United Kingdom,Western Europe,23,6.725,6.647,6.803,1.40283,1.08672,0.80991,0.50036,0.27399,0.50156,2.14999
2016,Chile,Latin America and Caribbean,24,6.705,6.615,6.795,1.2167,0.90587,0.81883,0.37789,0.11451,0.31595,2.95505
2016,Panama,Latin America and Caribbean,25,6.701,6.601,6.801,1.18306,0.98912,0.70835,0.48927,0.08423,0.2418,3.00559
2016,Argentina,Latin America and Caribbean,26,6.65,6.56,6.74,1.15137,1.06612,0.69711,0.42284,0.07296,0.10989,3.12985
2016,Czech Republic,Central and Eastern Europe,27,6.596,6.515,6.677,1.30915,1.00793,0.76376,0.41418,0.03986,0.09929,2.96211
2016,United Arab Emirates,Middle East and Northern Africa,28,6.573,6.494,6.652,1.57352,0.87114,0.72993,0.56215,0.35561,0.26591,2.21507
2016,Uruguay,Latin America and Caribbean,29,6.545,6.456,6.634,1.18157,1.03143,0.72183,0.54388,0.21394,0.18056,2.67139
2016,Malta,Western Europe,30,6.488,6.409,6.567,1.30782,1.09879,0.80315,0.54994,0.17554,0.56237,1.99032
2016,Colombia,Latin America and Caribbean,31,6.481,6.384,6.578,1.03032,1.02169,0.59659,0.44735,0.05399,0.15626,3.17471
2016,France,Western Europe,32,6.478,6.397,6.559,1.39488,1.00508,0.83795,0.46562,0.17808,0.1216,2.4744
2016,Thailand,Southeastern Asia,33,6.474,6.396,6.552,1.0893,1.04477,0.64915,0.49553,0.02833,0.58696,2.5796
2016,Saudi Arabia,Middle East and Northern Africa,34,6.379,6.287,6.471,1.48953,0.84829,0.59267,0.37904,0.30008,0.15457,2.61482
2016,Taiwan,Eastern Asia,34,6.379,6.305,6.453,1.39729,0.92624,0.79565,0.32377,0.0663,0.25495,2.61523
2016,Qatar,Middle East and Northern Africa,36,6.375,6.178,6.572,1.82427,0.87964,0.71723,0.56679,0.48049,0.32388,1.58224
2016,Spain,Western Europe,37,6.361,6.288,6.434,1.34253,1.12945,0.87896,0.37545,0.06137,0.17665,2.39663
2016,Algeria,Middle East and Northern Africa,38,6.355,6.227,6.483,1.05266,0.83309,0.61804,0.21006,0.16157,0.07044,3.40904
2016,Guatemala,Latin America and Caribbean,39,6.324,6.213,6.435,0.83454,0.87119,0.54039,0.50379,0.08701,0.28808,3.19863
2016,Suriname,Latin America and Caribbean,40,6.269,6.073,6.465,1.09686,0.77866,0.50933,0.52234,0.12692,0.16665,3.06852
2016,Kuwait,Middle East and Northern Africa,41,6.239,6.154,6.324,1.61714,0.87758,0.63569,0.43166,0.23669,0.15965,2.28085
2016,Bahrain,Middle East and Northern Africa,42,6.218,6.128,6.308,1.44024,0.94397,0.65696,0.47375,0.25772,0.17147,2.27405
2016,Trinidad and Tobago,Latin America and Caribbean,43,6.168,5.95,6.386,1.32572,0.98569,0.52608,0.48453,0.01241,0.31935,2.51394
2016,Venezuela,Latin America and Caribbean,44,6.084,5.973,6.195,1.13367,1.03302,0.61904,0.19847,0.08304,0.0425,2.97468
2016,Slovakia,Central and Eastern Europe,45,6.078,5.996,6.16,1.27973,1.08268,0.70367,0.23391,0.02947,0.13837,2.61065
2016,El Salvador,Latin America and Caribbean,46,6.068,5.967,6.169,0.8737,0.80975,0.596,0.37269,0.10613,0.08877,3.22134
2016,Malaysia,Southeastern Asia,47,6.005,5.921,6.089,1.25142,0.88025,0.62366,0.39031,0.09081,0.41474,2.35384
2016,Nicaragua,Latin America and Caribbean,48,5.992,5.877,6.107,0.69384,0.89521,0.65213,0.46582,0.16292,0.29773,2.82428
2016,Uzbekistan,Central and Eastern Europe,49,5.987,5.896,6.078,0.73591,1.1681,0.50163,0.60848,0.28333,0.34326,2.34638
2016,Italy,Western Europe,50,5.977,5.898,6.056,1.35495,1.04167,0.85102,0.18827,0.02556,0.16684,2.34918
2016,Ecuador,Latin America and Caribbean,51,5.976,5.88,6.072,0.97306,0.85974,0.68613,0.4027,0.18037,0.10074,2.77366
2016,Belize,Latin America and Caribbean,52,5.956,5.71,6.202,0.87616,0.68655,0.45569,0.51231,0.10771,0.23684,3.08039
2016,Japan,Eastern Asia,53,5.921,5.85,5.992,1.38007,1.06054,0.91491,0.46761,0.18985,0.10224,1.80584
2016,Kazakhstan,Central and Eastern Europe,54,5.919,5.837,6.001,1.22943,0.95544,0.57386,0.4052,0.11132,0.15011,2.49325
2016,Moldova,Central and Eastern Europe,55,5.897,5.823,5.971,0.69177,0.83132,0.52309,0.25202,0.01903,0.19997,3.38007
2016,Russia,Central and Eastern Europe,56,5.856,5.789,5.923,1.23228,1.05261,0.58991,0.32682,0.03586,0.02736,2.59115
2016,Poland,Central and Eastern Europe,57,5.835,5.749,5.921,1.24585,1.04685,0.69058,0.4519,0.055,0.14443,2.20035
2016,South Korea,Eastern Asia,57,5.835,5.747,5.923,1.35948,0.72194,0.88645,0.25168,0.07716,0.18824,2.35015
2016,Bolivia,Latin America and Caribbean,59,5.822,5.74,5.904,0.79422,0.83779,0.4697,0.50961,0.07746,0.21698,2.91635
2016,Lithuania,Central and Eastern Europe,60,5.813,5.734,5.892,1.2692,1.06411,0.64674,0.18929,0.0182,0.02025,2.60525
2016,Belarus,Central and Eastern Europe,61,5.802,5.723,5.881,1.13062,1.04993,0.63104,0.29091,0.17457,0.13942,2.38582
2016,North Cyprus,Western Europe,62,5.771,5.67,5.872,1.31141,0.81826,0.84142,0.43596,0.16578,0.26322,1.93447
2016,Slovenia,Central and Eastern Europe,63,5.768,5.683,5.853,1.29947,1.05613,0.79151,0.53164,0.03635,0.25738,1.79522
2016,Peru,Latin America and Caribbean,64,5.743,5.647,5.839,0.99602,0.81255,0.62994000000000006,0.37502,0.05292,0.14527,2.73117
2016,Turkmenistan,Central and Eastern Europe,65,5.658,5.58,5.736,1.08017,1.03817,0.44006,0.37408,0.28467,0.22567,2.21489
2016,Mauritius,Sub-Saharan Africa,66,5.648,5.507,5.789,1.14372,0.75695,0.66189,0.46145,0.05203,0.36951,2.20223
2016,Libya,Middle East and Northern Africa,67,5.615,5.406,5.824,1.06688,0.95076,0.52304,0.40672,0.10339,0.17087,2.39374
2016,Latvia,Central and Eastern Europe,68,5.56,5.486,5.634,1.21788,0.95025,0.63952,0.27996,0.0889,0.17445,2.20859
2016,Cyprus,Western Europe,69,5.546,5.442,5.65,1.31857,0.70697,0.8488,0.29507,0.05228,0.27906,2.04497
2016,Paraguay,Latin America and Caribbean,70,5.538,5.453,5.623,0.89373,1.11111,0.58295,0.46235,0.07396,0.25296,2.16091
2016,Romania,Central and Eastern Europe,71,5.528,5.427,5.629,1.1697,0.72803,0.67602,0.36712,0.00679,0.12889,2.45184
2016,Estonia,Central and Eastern Europe,72,5.517,5.437,5.597,1.2796400000000001,1.05163,0.68098,0.41511,0.18519,0.08423,1.81985
2016,Jamaica,Latin America and Caribbean,73,5.51,5.315,5.705,0.89333,0.96372,0.59469,0.43597,0.04294,0.22245,2.35682
2016,Croatia,Central and Eastern Europe,74,5.488,5.402,5.574,1.18649,0.60809,0.70524,0.23907,0.04002,0.18434,2.52462
2016,Hong Kong,Eastern Asia,75,5.458,5.362,5.554,1.5107,0.87021,0.95277,0.48079,0.31647,0.40097,0.92614
2016,Somalia,Sub-Saharan Africa,76,5.44,5.321,5.559,0,0.33613,0.11466,0.56778,0.3118,0.27225,3.83772
2016,Kosovo,Central and Eastern Europe,77,5.401,5.308,5.494,0.90145,0.66062,0.54,0.14396,0.06547,0.27992,2.80998
2016,Turkey,Middle East and Northern Africa,78,5.389,5.295,5.483,1.16492,0.87717,0.64718,0.23889,0.12348,0.04707,2.29074
2016,Indonesia,Southeastern Asia,79,5.314,5.237,5.391,0.95104,0.87625,0.49374,0.39237,0.00322,0.56521,2.03171
2016,Jordan,Middle East and Northern Africa,80,5.303,5.187,5.419,0.99673,0.86216,0.60712,0.36023,0.13297,0.14262,2.20142
2016,Azerbaijan,Central and Eastern Europe,81,5.291,5.226,5.356,1.12373,0.76042,0.54504,0.35327,0.17914,0.0564,2.2735
2016,Philippines,Southeastern Asia,82,5.279,5.16,5.398,0.81217,0.87877,0.47036,0.54854,0.11757,0.21674,2.23484
2016,China,Eastern Asia,83,5.245,5.199,5.291,1.0278,0.79381,0.73561,0.44012,0.02745,0.04959,2.17087
2016,Bhutan,Southern Asia,84,5.196,5.138,5.254,0.8527,0.90836,0.49759,0.46074,0.1616,0.48546,1.82916
2016,Kyrgyzstan,Central and Eastern Europe,85,5.185,5.103,5.267,0.56044,0.95434,0.55449,0.40212,0.04762,0.38432,2.28136
2016,Serbia,Central and Eastern Europe,86,5.177,5.083,5.271,1.03437,0.81329,0.6458,0.15718,0.04339,0.20737,2.27539
2016,Bosnia and Herzegovina,Central and Eastern Europe,87,5.163,5.063,5.263,0.93383,0.64367,0.70766,0.09511,0,0.29889,2.48406
2016,Montenegro,Central and Eastern Europe,88,5.161,5.055,5.267,1.07838,0.74173,0.63533,0.15111,0.12721,0.17191,2.25531
2016,Dominican Republic,Latin America and Caribbean,89,5.155,5.037,5.273,1.02787,0.99496,0.57669,0.52259,0.12372,0.21286,1.69626
2016,Morocco,Middle East and Northern Africa,90,5.151,5.058,5.244,0.84058,0.38595,0.59471,0.25646,0.08404,0.04053,2.94891
2016,Hungary,Central and Eastern Europe,91,5.145,5.056,5.234,1.24142,0.93164,0.67608,0.1977,0.04472,0.099,1.95473
2016,Pakistan,Southern Asia,92,5.132,5.038,5.226,0.68816,0.26135,0.40306,0.14622,0.1388,0.31185,3.18286
2016,Lebanon,Middle East and Northern Africa,93,5.129,5.031,5.227,1.12268,0.64184,0.76171,0.26228,0.03061,0.23693,2.07339
2016,Portugal,Western Europe,94,5.123,5.03,5.216,1.27607,0.94367,0.79363,0.44727,0.01521,0.11691,1.53015
2016,Macedonia,Central and Eastern Europe,95,5.121,5.017,5.225,1.0193,0.78236000000000006,0.64738,0.27668,0.07047,0.23507,2.08947
2016,Vietnam,Southeastern Asia,96,5.061,4.991,5.131,0.74037,0.79117,0.66157,0.55954,0.11556,0.25075,1.9418
2016,Somaliland Region,Sub-Saharan Africa,97,5.057,4.934,5.18,0.25558,0.75862,0.33108,0.3913,0.36794,0.51479,2.43801
2016,Tunisia,Middle East and Northern Africa,98,5.045,4.965,5.125,0.97724,0.43165,0.59577,0.23553,0.0817,0.03936,2.68413
2016,Greece,Western Europe,99,5.033,4.935,5.131,1.24886,0.75473,0.80029,0.05822,0.04127,0,2.1294400000000002
2016,Tajikistan,Central and Eastern Europe,100,4.996,4.923,5.069,0.48835,0.75602,0.53119,0.43408,0.13509,0.25998,2.39106
2016,Mongolia,Eastern Asia,101,4.907,4.838,4.976,0.98853,1.08983,0.55469,0.35972,0.03285,0.34539,1.53586
2016,Laos,Southeastern Asia,102,4.876,4.742,5.01,0.68042,0.5497,0.38291,0.52168,0.22423,0.43079,2.08637
2016,Nigeria,Sub-Saharan Africa,103,4.875,4.75,5,0.75216,0.64498,0.05108,0.27854,0.0305,0.23219,2.88586
2016,Honduras,Latin America and Caribbean,104,4.871,4.75,4.992,0.69429,0.75596,0.58383,0.26755,0.06906,0.2044,2.29551
2016,Iran,Middle East and Northern Africa,105,4.813,4.703,4.923,1.11758,0.38857,0.64232,0.22544,0.0557,0.38538,1.99817
2016,Zambia,Sub-Saharan Africa,106,4.795,4.645,4.945,0.61202,0.6376,0.23573,0.42662,0.11479,0.17866,2.58991
2016,Nepal,Southern Asia,107,4.793,4.698,4.888,0.44626,0.69699,0.50073,0.37012,0.07008,0.3816,2.32694
2016,Palestinian Territories,Middle East and Northern Africa,108,4.754,4.649,4.859,0.67024,0.71629,0.56844,0.17744,0.10613,0.11154,2.40364
2016,Albania,Central and Eastern Europe,109,4.655,4.546,4.764,0.9553,0.50163,0.73007,0.31866,0.05301,0.1684,1.92816
2016,Bangladesh,Southern Asia,110,4.643,4.56,4.726,0.54177,0.24749,0.52989,0.39778,0.12583,0.19132,2.60904
2016,Sierra Leone,Sub-Saharan Africa,111,4.635,4.505,4.765,0.36485,0.628,0,0.30685,0.08196,0.23897,3.01402
2016,Iraq,Middle East and Northern Africa,112,4.575,4.446,4.704,1.07474,0.59205,0.51076,0.24856,0.13636,0.19589,1.81657
2016,Namibia,Sub-Saharan Africa,113,4.574,4.374,4.774,0.93287,0.70362,0.34745,0.48614,0.10398,0.07795,1.92198
2016,Cameroon,Sub-Saharan Africa,114,4.513,4.417,4.609,0.52497,0.62542,0.12698,0.42736,0.06126,0.2268,2.5198
2016,Ethiopia,Sub-Saharan Africa,115,4.508,4.425,4.591,0.29283,0.37932,0.34578,0.36703,0.1717,0.29522,2.65614
2016,South Africa,Sub-Saharan Africa,116,4.459,4.371,4.547,1.02416,0.96053,0.18611,0.42483,0.08415,0.13656,1.64227
2016,Sri Lanka,Southern Asia,117,4.415,4.322,4.508,0.97318,0.84783,0.62007,0.50817,0.07964,0.46978,0.91681
2016,India,Southern Asia,118,4.404,4.351,4.457,0.74036,0.29247,0.45091,0.40285,0.08722,0.25028,2.18032
2016,Myanmar,Southeastern Asia,119,4.395,4.327,4.463,0.34112,0.69981,0.3988,0.42692,0.20243,0.81971,1.50655
2016,Egypt,Middle East and Northern Africa,120,4.362,4.259,4.465,0.95395,0.49813,0.52116,0.18847,0.10393,0.12706,1.96895
2016,Armenia,Central and Eastern Europe,121,4.36,4.266,4.454,0.86086,0.62477,0.64083,0.14037,0.03616,0.07793,1.97864
2016,Kenya,Sub-Saharan Africa,122,4.356,4.259,4.453,0.52267,0.7624,0.30147,0.40576,0.06686,0.41328,1.88326
2016,Ukraine,Central and Eastern Europe,123,4.324,4.236,4.412,0.87287,1.01413,0.58628,0.12859,0.01829,0.20363,1.50066
2016,Ghana,Sub-Saharan Africa,124,4.276,4.185,4.367,0.63107,0.49353,0.29681,0.40973,0.0326,0.21203,2.2002
2016,Congo (Kinshasa),Sub-Saharan Africa,125,4.272,4.191,4.353,0.05661,0.80676,0.188,0.15602,0.06075,0.25458,2.74924
2016,Georgia,Central and Eastern Europe,126,4.252,4.164,4.34,0.83792,0.19249,0.64035,0.32461,0.3188,0.06786,1.87031
2016,Congo (Brazzaville),Sub-Saharan Africa,127,4.236,4.107,4.365,0.77109,0.47799,0.28212,0.37938,0.09753,0.12077,2.10681
2016,Senegal,Sub-Saharan Africa,128,4.219,4.151,4.287,0.44314,0.77416,0.40457,0.31056,0.11681,0.19103,1.97861
2016,Bulgaria,Central and Eastern Europe,129,4.217,4.104,4.33,1.11306,0.92542,0.67806,0.21219,0.00615,0.12793,1.15377
2016,Mauritania,Sub-Saharan Africa,130,4.201,4.127,4.275,0.61391,0.84142,0.28639,0.1268,0.17955,0.22686,1.9263
2016,Zimbabwe,Sub-Saharan Africa,131,4.193,4.101,4.285,0.35041,0.71478,0.1595,0.25429,0.08582,0.18503,2.4427
2016,Malawi,Sub-Saharan Africa,132,4.156,4.041,4.271,0.08709,0.147,0.29364,0.4143,0.07564,0.30968,2.82859
2016,Sudan,Sub-Saharan Africa,133,4.139,3.928,4.35,0.63069,0.81928,0.29759,0,0.10039,0.18077,2.10995
2016,Gabon,Sub-Saharan Africa,134,4.121,4.03,4.212,1.15851,0.72368,0.3494,0.28098,0.09314,0.06244,1.45332
2016,Mali,Sub-Saharan Africa,135,4.073,3.988,4.158,0.31292,0.86333,0.16347,0.27544,0.13647,0.21064,2.11087
2016,Haiti,Latin America and Caribbean,136,4.028,3.893,4.163,0.34097,0.29561,0.27494,0.12072,0.14476,0.47958,2.37116
2016,Botswana,Sub-Saharan Africa,137,3.974,3.875,4.073,1.09426,0.89186,0.34752,0.44089,0.10769,0.12425,0.96741
2016,Comoros,Sub-Saharan Africa,138,3.956,3.86,4.052,0.27509,0.60323,0.29981,0.15412,0.18437,0.1827,2.25632
2016,Ivory Coast,Sub-Saharan Africa,139,3.916,3.826,4.006,0.55507,0.57576,0.04476,0.40663,0.1553,0.20338,1.97478
2016,Cambodia,Southeastern Asia,140,3.907,3.798,4.016,0.55604,0.5375,0.42494,0.58852,0.08092,0.40339,1.31573
2016,Angola,Sub-Saharan Africa,141,3.866,3.753,3.979,0.84731,0.66366,0.04991,0.00589,0.08434,0.12071,2.09459
2016,Niger,Sub-Saharan Africa,142,3.856,3.781,3.931,0.1327,0.6053,0.26162,0.38041,0.17176,0.2097,2.09469
2016,South Sudan,Sub-Saharan Africa,143,3.832,3.596,4.068,0.39394,0.18519,0.15781,0.19662,0.13015,0.25899,2.50929
2016,Chad,Sub-Saharan Africa,144,3.763,3.672,3.854,0.42214,0.63178,0.03824,0.12807,0.04952,0.18667,2.30637
2016,Burkina Faso,Sub-Saharan Africa,145,3.739,3.647,3.831,0.31995,0.63054,0.21297,0.3337,0.12533,0.24353,1.87319
2016,Uganda,Sub-Saharan Africa,145,3.739,3.629,3.849,0.34719,0.90981,0.19625,0.43653,0.06442,0.27102,1.51416
2016,Yemen,Middle East and Northern Africa,147,3.724,3.621,3.827,0.57939,0.47493,0.31048,0.2287,0.05892,0.09821,1.97295
2016,Madagascar,Sub-Saharan Africa,148,3.695,3.621,3.769,0.27954,0.46115,0.37109,0.13684,0.07506,0.2204,2.15075
2016,Tanzania,Sub-Saharan Africa,149,3.666,3.561,3.771,0.47155,0.77623,0.357,0.3176,0.05099,0.31472,1.37769
2016,Liberia,Sub-Saharan Africa,150,3.622,3.463,3.781,0.10706,0.50353,0.23165,0.25748,0.04852,0.24063,2.23284
2016,Guinea,Sub-Saharan Africa,151,3.607,3.533,3.681,0.22415,0.3109,0.18829,0.30953,0.1192,0.29914,2.15604
2016,Rwanda,Sub-Saharan Africa,152,3.515,3.444,3.586,0.32846,0.61586,0.31865,0.5432,0.50521,0.23552,0.96819
2016,Benin,Sub-Saharan Africa,153,3.484,3.404,3.564,0.39499,0.10419,0.21028,0.39747,0.06681,0.2018,2.10812
2016,Afghanistan,Southern Asia,154,3.36,3.288,3.432,0.38227,0.11037,0.17344,0.1643,0.07112,0.31268,2.14558
2016,Togo,Sub-Saharan Africa,155,3.303,3.192,3.414,0.28123,0,0.24811,0.34678,0.11587,0.17517,2.1354
2016,Syria,Middle East and Northern Africa,156,3.069,2.936,3.202,0.74719,0.14866,0.62994000000000006,0.06912,0.17233,0.48397,0.81789
2016,Burundi,Sub-Saharan Africa,157,2.905,2.732,3.078,0.06831,0.23442,0.15747,0.0432,0.09419,0.2029,2.10404
2017,Norway,NA,1,7.53700017929077,7.47955553799868,7.59444482058287,1.61646318435669,1.53352355957031,0.796666502952576,0.635422587394714,0.315963834524155,0.36201223731041,2.27702665328979
2017,Denmark,NA,2,7.52199983596802,7.46227160707116,7.58172806486487,1.48238301277161,1.55112159252167,0.792565524578094,0.626006722450256,0.40077006816864,0.355280488729477,2.31370735168457
2017,Iceland,NA,3,7.50400018692017,7.38596990078688,7.62203047305346,1.480633020401,1.6105740070343,0.833552122116089,0.627162635326385,0.153526559472084,0.475540220737457,2.32271528244019
2017,Switzerland,NA,4,7.49399995803833,7.42622749567032,7.56177242040634,1.56497955322266,1.51691174507141,0.858131289482117,0.620070576667786,0.367007285356522,0.290549278259277,2.2767162322998
2017,Finland,NA,5,7.4689998626709,7.41045764952898,7.52754207581282,1.44357192516327,1.5402467250824,0.80915766954422,0.617950856685638,0.38261154294014,0.24548277258873,2.4301815032959
2017,Netherlands,NA,6,7.3769998550415,7.32657386884093,7.42742584124207,1.50394463539124,1.42893922328949,0.810696125030518,0.585384488105774,0.282661825418472,0.470489829778671,2.29480409622192
2017,Canada,NA,7,7.31599998474121,7.24759713411331,7.38440283536911,1.47920441627502,1.48134899139404,0.83455765247345,0.611100912094116,0.287371516227722,0.435539722442627,2.18726444244385
2017,New Zealand,NA,8,7.31400012969971,7.24848981752992,7.3795104418695,1.40570604801178,1.54819512367249,0.816759705543518,0.614062130451202,0.382816702127457,0.500005125999451,2.0464563369751
2017,Sweden,NA,9,7.28399991989136,7.22390496239066,7.34409487739205,1.49438726902008,1.47816216945648,0.830875158309937,0.612924098968506,0.384398728609085,0.385399252176285,2.09753799438477
2017,Australia,NA,10,7.28399991989136,7.2113486148417,7.35665122494102,1.484414935112,1.51004195213318,0.84388679265976,0.601607382297516,0.301183730363846,0.477699249982834,2.06521081924438
2017,Israel,NA,11,7.21299982070923,7.14614638492465,7.27985325649381,1.37538242340088,1.37628996372223,0.83840399980545,0.405988603830338,0.0852421000599861,0.330082654953003,2.80175733566284
2017,Costa Rica,NA,12,7.0789999961853,6.98988832607865,7.16811166629195,1.10970628261566,1.41640365123749,0.759509265422821,0.580131649971008,0.100106589496136,0.214613229036331,2.89863920211792
2017,Austria,NA,13,7.00600004196167,6.94133027181029,7.07066981211305,1.48709726333618,1.4599449634552,0.81532841920852706,0.567766189575195,0.221060365438461,0.316472321748734,2.1385064125061
2017,United States,NA,14,6.99300003051758,6.91134331345558,7.07465674757957,1.54625928401947,1.41992056369781,0.77428662776947,0.505740523338318,0.135638788342476,0.392578780651093,2.2181134223938
2017,Ireland,NA,15,6.97700023651123,6.91064880549908,7.04335166752338,1.53570663928986,1.55823111534119,0.80978262424469,0.573110342025757,0.29838815331459,0.42785832285881,1.77386903762817
2017,Germany,NA,16,6.95100021362305,6.89661885797977,7.00538156926632,1.48792338371277,1.4725203514099101,0.798950731754303,0.562511384487152,0.276731938123703,0.336269170045853,2.01576995849609
2017,Belgium,NA,17,6.89099979400635,6.82617883756757,6.95582075044513,1.46378076076508,1.46231269836426,0.818091869354248,0.539770722389221,0.251343131065369,0.231503337621689,2.12421035766602
2017,Luxembourg,NA,18,6.86299991607666,6.80231373228133,6.92368609987199,1.74194359779358,1.45758366584778,0.845089495182037,0.59662789106369,0.31883442401886,0.283180981874466,1.61951208114624
2017,United Kingdom,NA,19,6.71400022506714,6.64420868903399,6.78379176110029,1.44163393974304,1.49646008014679,0.805335938930511,0.508190035820007,0.265428066253662,0.492774158716202,1.70414352416992
2017,Chile,NA,20,6.65199995040894,6.56474934071302,6.73925056010485,1.25278460979462,1.28402495384216,0.819479703903198,0.376895278692245,0.0822879821062088,0.326662421226501,2.50958585739136
2017,United Arab Emirates,NA,21,6.64799976348877,6.57395222321153,6.72204730376601,1.62634336948395,1.26641023159027,0.726798236370087,0.60834527015686,0.324489563703537,0.3609419465065,1.734703540802
2017,Brazil,NA,22,6.63500022888184,6.5445309561491,6.72546950161457,1.10735321044922,1.43130600452423,0.616552352905273,0.437453746795654,0.111092761158943,0.16234989464283,2.76926708221436
2017,Czech Republic,NA,23,6.60900020599365,6.5341379493475,6.68386246263981,1.35268235206604,1.43388521671295,0.754444003105164,0.490946173667908,0.0368729270994663,0.0881067588925362,2.45186185836792
2017,Argentina,NA,24,6.59899997711182,6.50791486814618,6.69008508607745,1.18529546260834,1.44045114517212,0.695137083530426,0.494519203901291,0.059739887714386,0.109457060694695,2.61400532722473
2017,Mexico,NA,25,6.57800006866455,6.48485122963786,6.67114890769124,1.15318381786346,1.210862159729,0.709978997707367,0.412730008363724,0.132774114608765,0.120990432798862,2.83715486526489
2017,Singapore,NA,26,6.57200002670288,6.50727698430419,6.63672306910157,1.69227766990662,1.35381436347961,0.949492394924164,0.549840569496155,0.46430778503418,0.345965981483459,1.21636199951172
2017,Malta,NA,27,6.52699995040894,6.45560312792659,6.59839677289128,1.34327983856201,1.48841166496277,0.821944236755371,0.588767051696777,0.153066068887711,0.574730575084686,1.55686283111572
2017,Uruguay,NA,28,6.4539999961853,6.36209377467632,6.54590621769428,1.21755969524384,1.41222786903381,0.719216823577881,0.57939225435257,0.178061872720718,0.175096929073334,2.17240953445435
2017,Guatemala,NA,29,6.4539999961853,6.34112601965666,6.56687397271395,0.872001945972443,1.25558519363403,0.540239989757538,0.531310617923737,0.0772232785820961,0.283488392829895,2.89389109611511
2017,Panama,NA,30,6.4520001411438,6.34686956614256,6.55713071614504,1.23374843597412,1.37319254875183,0.706156134605408,0.550026834011078,0.070983923971653,0.21055693924427,2.30719995498657
2017,France,NA,31,6.44199991226196,6.36823202207685,6.51576780244708,1.43092346191406,1.38777685165405,0.844465851783752,0.470222115516663,0.172502428293228,0.129762306809425,2.00595474243164
2017,Thailand,NA,32,6.42399978637695,6.33888271704316,6.50911685571074,1.12786877155304,1.42579245567322,0.647239029407501,0.580200731754303,0.0316127352416515,0.572123110294342,2.03950834274292
2017,Taiwan Province of China,NA,33,6.42199993133545,6.34940384075046,6.49459602192044,1.43362653255463,1.38456535339355,0.793984234333038,0.361466586589813,0.0638292357325554,0.258360475301743,2.1266074180603
2017,Spain,NA,34,6.40299987792969,6.3349449105560804,6.4710548453033,1.38439786434174,1.53209090232849,0.888960599899292,0.408781230449677,0.0709140971302986,0.190133571624756,1.92775774002075
2017,Qatar,NA,35,6.375,6.18152318567038,6.56847681432962,1.87076568603516,1.27429687976837,0.710098087787628,0.604130983352661,0.439299255609512,0.330473870038986,1.1454644203186
2017,Colombia,NA,36,6.35699987411499,6.26197969406843,6.45202005416155,1.07062232494354,1.4021829366684,0.595027923583984,0.477487415075302,0.0466687418520451,0.149014472961426,2.61606812477112
2017,Saudi Arabia,NA,37,6.3439998626709,6.24383311331272,6.44416661202908,1.53062355518341,1.28667759895325,0.590148329734802,0.449750572443008,0.27343225479126,0.147616013884544,2.0654296875
2017,Trinidad and Tobago,NA,38,6.16800022125244,5.95446655184031,6.38153389066458,1.36135590076447,1.3802285194397,0.519983291625977,0.518630743026733,0.00896481610834599,0.325296461582184,2.05324745178223
2017,Kuwait,NA,39,6.10500001907349,6.01804304927588,6.1919569888711,1.63295245170593,1.25969874858856,0.632105708122253,0.496337592601776,0.215159550309181,0.228289797902107,1.64042520523071
2017,Slovakia,NA,40,6.09800004959106,6.01865168705583,6.1773484121263,1.32539355754852,1.50505924224854,0.712732911109924,0.295817464590073,0.0242108516395092,0.136544480919838,2.09777665138245
2017,Bahrain,NA,41,6.08699989318848,5.99501071855426,6.17898906782269,1.48841226100922,1.32311046123505,0.653133034706116,0.536746919155121,0.257042169570923,0.172668486833572,1.65614938735962
2017,Malaysia,NA,42,6.08400011062622,5.98802058473229,6.17997963652015,1.29121541976929,1.28464603424072,0.618784427642822,0.402264982461929,0.0656007081270218,0.416608929634094,2.00444889068604
2017,Nicaragua,NA,43,6.07100009918213,5.95541659802198,6.18658360034227,0.737299203872681,1.28721570968628,0.653095960617065,0.447551846504211,0.130687981843948,0.301674216985703,2.51393055915833
2017,Ecuador,NA,44,6.00799989700317,5.91015211865306,6.10584767535329,1.00082039833069,1.28616881370544,0.685636222362518,0.4551981985569,0.140134647488594,0.150112465023994,2.29035258293152
2017,El Salvador,NA,45,6.00299978256226,5.89736444279552,6.108635122329,0.909784495830536,1.18212509155273,0.596018552780151,0.432452529668808,0.0899809598922729,0.0782579854130745,2.7145938873291
2017,Poland,NA,46,5.97300004959106,5.89209175795317,6.05390834122896,1.29178786277771,1.44571197032928,0.699475347995758,0.520342111587524,0.0593078061938286,0.158465966582298,1.79772281646729
2017,Uzbekistan,NA,47,5.97100019454956,5.876462816149,6.06553757295012,0.786441087722778,1.54896914958954,0.498272627592087,0.658248662948608,0.246528223156929,0.415983647108078,1.81691360473633
2017,Italy,NA,48,5.96400022506714,5.88526354417205,6.04273690596223,1.39506661891937,1.44492328166962,0.853144347667694,0.256450712680817,0.0280280914157629,0.17278964817524,1.81331205368042
2017,Russia,NA,49,5.96299982070923,5.89572473391891,6.03027490749955,1.28177809715271,1.46928238868713,0.547349333763123,0.373783111572266,0.0329628810286522,0.0522638224065304,2.20560741424561
2017,Belize,NA,50,5.95599985122681,5.71475738465786,6.19724231779575,0.907975316047668,1.08141779899597,0.450191766023636,0.547509372234344,0.0965810716152191,0.240015640854836,2.63195562362671
2017,Japan,NA,51,5.92000007629395,5.84928070798516,5.99071944460273,1.41691517829895,1.43633782863617,0.913475871086121,0.505625545978546,0.163760736584663,0.12057276815176,1.36322355270386
2017,Lithuania,NA,52,5.90199995040894,5.82133025944233,5.98266964137554,1.31458234786987,1.47351610660553,0.62894994020462,0.234231784939766,0.0118656428530812,0.010164656676352,2.22844052314758
2017,Algeria,NA,53,5.87200021743774,5.76571400120854,5.97828643366694,1.09186446666718,1.1462174654007,0.617584645748138,0.233335807919502,0.146096110343933,0.0694366469979286,2.56760382652283
2017,Latvia,NA,54,5.84999990463257,5.77973627105355,5.92026353821158,1.26074862480164,1.40471494197845,0.638566970825195,0.325707912445068,0.0738427266478539,0.153074786067009,1.99365520477295
2017,South Korea,NA,55,5.83799982070923,5.7534406131506,5.92255902826786,1.40167844295502,1.12827444076538,0.900214076042175,0.257921665906906,0.0632826685905457,0.206674367189407,1.88037800788879
2017,Moldova,NA,56,5.83799982070923,5.76762880295515,5.90837083846331,0.728870630264282,1.25182557106018,0.589465200901031,0.240729048848152,0.0100912861526012,0.208779126405716,2.80780839920044
2017,Romania,NA,57,5.82499980926514,5.73030546173453,5.91969415679574,1.21768391132355,1.15009129047394,0.685158312320709,0.457003742456436,0.00438790069893003,0.133519917726517,2.17683148384094
2017,Bolivia,NA,58,5.82299995422363,5.74202300593257,5.9039769025147,0.833756566047668,1.22761905193329,0.473630249500275,0.558732926845551,0.0604777261614799,0.22556072473526,2.44327902793884
2017,Turkmenistan,NA,59,5.82200002670288,5.75881917789578,5.88518087550998,1.13077676296234,1.49314916133881,0.437726080417633,0.41827192902565,0.259270340204239,0.24992498755455,1.83290982246399
2017,Kazakhstan,NA,60,5.81899976730347,5.73435775995255,5.90364177465439,1.28455626964569,1.38436901569366,0.606041550636292,0.437454283237457,0.119282886385918,0.201964423060417,1.78489255905151
2017,North Cyprus,NA,61,5.80999994277954,5.72263342067599,5.89736646488309,1.3469113111496,1.18630337715149,0.834647238254547,0.471203625202179,0.155353352427483,0.266845703125,1.54915761947632
2017,Slovenia,NA,62,5.75799989700317,5.67377463400364,5.84222516000271,1.3412059545517,1.45251882076263,0.790828227996826,0.572575807571411,0.0451289787888527,0.242649093270302,1.31331729888916
2017,Peru,NA,63,5.71500015258789,5.61805352658033,5.81194677859545,1.03522527217865,1.21877038478851,0.630166113376617,0.450002878904343,0.0470490865409374,0.126819714903831,2.20726943016052
2017,Mauritius,NA,64,5.62900018692017,5.52813818216324,5.72986219167709,1.18939554691315,1.20956099033356,0.638007462024689,0.491247326135635,0.0421815551817417,0.360933750867844,1.6975839138031
2017,Cyprus,NA,65,5.62099981307983,5.5273069268465,5.71469269931316,1.35593807697296,1.13136327266693,0.84471470117569,0.355111539363861,0.0412379764020443,0.271254301071167,1.62124919891357
2017,Estonia,NA,66,5.61100006103516,5.53386024788022,5.68813987419009,1.32087934017181,1.47667109966278,0.695168316364288,0.479131430387497,0.183248922228813,0.0988908112049103,1.35750865936279
2017,Belarus,NA,67,5.56899976730347,5.49188529059291,5.64611424401402,1.15655755996704,1.44494521617889,0.637714266777039,0.295400261878967,0.156313821673393,0.15513750910759,1.72323298454285
2017,Libya,NA,68,5.52500009536743,5.37304638385773,5.67695380687714,1.10180306434631,1.35756433010101,0.520169019699097,0.465733230113983,0.0926102101802826,0.152073666453362,1.83501124382019
2017,Turkey,NA,69,5.5,5.40513503670692,5.59486496329308,1.19827437400818,1.33775317668915,0.637605607509613,0.300740599632263,0.0996715798974037,0.0466930419206619,1.87927794456482
2017,Paraguay,NA,70,5.49300003051758,5.40861879140139,5.57738126963377,0.932537317276001,1.50728487968445,0.579250693321228,0.473507791757584,0.091065913438797,0.224150657653809,1.6853334903717
2017,"Hong Kong S.A.R., China",NA,71,5.47200012207031,5.39440607100725,5.54959417313337,1.55167484283447,1.26279091835022,0.943062424659729,0.490968644618988,0.293933749198914,0.374465793371201,0.554633140563965
2017,Philippines,NA,72,5.42999982833862,5.31466460242867,5.54533505424857,0.85769921541214,1.25391757488251,0.468009054660797,0.585214674472809,0.0993318930268288,0.193513423204422,1.97260475158691
2017,Serbia,NA,73,5.39499998092651,5.29843030571938,5.49156965613365,1.06931757926941,1.25818979740143,0.65078467130661,0.208715528249741,0.0409037806093693,0.220125883817673,1.94708442687988
2017,Jordan,NA,74,5.33599996566772,5.22358990892768,5.44841002240777,0.991012394428253,1.23908889293671,0.604590058326721,0.418421149253845,0.11980327218771,0.172170460224152,1.79117655754089
2017,Hungary,NA,75,5.32399988174438,5.24496005430818,5.40303970918059,1.2860119342804,1.34313309192657,0.687763452529907,0.175863519310951,0.0366369374096394,0.0784016624093056,1.71645927429199
2017,Jamaica,NA,76,5.31099987030029,5.04060101211071,5.58139872848988,0.925579309463501,1.36821806430817,0.641022384166718,0.474307239055634,0.0552677810192108,0.233818337321281,1.61232566833496
2017,Croatia,NA,77,5.29300022125244,5.19422323793173,5.39177720457315,1.22255623340607,0.96798300743103,0.701288521289825,0.255772292613983,0.0431031100451946,0.248002976179123,1.85449242591858
2017,Kosovo,NA,78,5.27899980545044,5.19315161541104,5.36484799548984,0.951484382152557,1.13785350322723,0.541452050209045,0.260287940502167,0.0574716180562973,0.319931447505951,2.01054072380066
2017,China,NA,79,5.27299976348877,5.2267214372009,5.31927808977663,1.08116579055786,1.16083741188049,0.741415500640869,0.472787708044052,0.0227942746132612,0.0288068410009146,1.76493859291077
2017,Pakistan,NA,80,5.26900005340576,5.17801646545529,5.35998364135623,0.72688353061676,0.672690689563751,0.402047783136368,0.23521526157856,0.124348066747189,0.315446019172668,2.79248929023743
2017,Indonesia,NA,81,5.26200008392334,5.17111156970263,5.35288859814405,0.995538592338562,1.27444469928741,0.492345720529556,0.443323463201523,0.0153171354904771,0.611704587936401,1.42947697639465
2017,Venezuela,NA,82,5.25,5.1299680544436,5.3700319455564,1.12843120098114,1.43133759498596,0.617144227027893,0.153997123241425,0.0644911229610443,0.0650196298956871,1.78946375846863
2017,Montenegro,NA,83,5.23699998855591,5.13295553654432,5.34104444056749,1.12112903594971,1.23837649822235,0.667464673519135,0.194989055395126,0.0881741940975189,0.197911024093628,1.72919154167175
2017,Morocco,NA,84,5.2350001335144,5.15165930226445,5.31834096476436,0.878114581108093,0.774864435195923,0.59771066904068,0.408158332109451,0.0877631828188896,0.0322099551558495,2.45618939399719
2017,Azerbaijan,NA,85,5.23400020599365,5.16871387675405,5.29928653523326,1.15360176563263,1.15240025520325,0.540775775909424,0.398155838251114,0.180987507104874,0.0452693402767181,1.76248168945312
2017,Dominican Republic,NA,86,5.23000001907349,5.11093915298581,5.34906088516116,1.07937383651733,1.40241670608521,0.574873745441437,0.55258983373642,0.113945253193378,0.186967849731445,1.31946516036987
2017,Greece,NA,87,5.22700023651123,5.12875430360436,5.3252461694181,1.28948748111725,1.23941457271576,0.810198903083801,0.0957312509417534,0.04328977689147,0,1.74922156333923
2017,Lebanon,NA,88,5.22499990463257,5.1311175207793696,5.31888228848577,1.07498753070831,1.12962424755096,0.73508107662200906,0.288515985012054,0.037513829767704,0.264450758695602,1.69507384300232
2017,Portugal,NA,89,5.19500017166138,5.10495861023665,5.28504173308611,1.3151752948761,1.36704301834106,0.795843541622162,0.498465299606323,0.0158694516867399,0.0951027125120163,1.10768270492554
2017,Bosnia and Herzegovina,NA,90,5.18200016021729,5.08766463369131,5.27633568674326,0.982409417629242,1.0693359375,0.705186307430267,0.204403176903725,0,0.328867495059967,1.89217257499695
2017,Honduras,NA,91,5.18100023269653,5.0604176685214,5.30158279687166,0.730573117733002,1.14394497871399,0.582569479942322,0.348079860210419,0.0733454525470734,0.236188873648643,2.06581115722656
2017,Macedonia,NA,92,5.17500019073486,5.07782774180174,5.27217263966799,1.06457793712616,1.20789301395416,0.644948184490204,0.325905978679657,0.0602777935564518,0.25376096367836,1.6174693107605
2017,Somalia,NA,93,5.15100002288818,5.0595163358748,5.24248370990157,0.0226431842893362,0.721151351928711,0.113989137113094,0.602126955986023,0.282410323619843,0.291631311178207,3.11748456954956
2017,Vietnam,NA,94,5.07399988174438,5.000718998909,5.14728076457977,0.788547575473785,1.27749133110046,0.652168989181519,0.571055591106415,0.0876332372426987,0.234968051314354,1.46231865882874
2017,Nigeria,NA,95,5.07399988174438,4.93849962800741,5.20950013548136,0.783756256103516,1.21577048301697,0.0569157302379608,0.394952565431595,0.0261215660721064,0.230947196483612,2.36539053916931
2017,Tajikistan,NA,96,5.04099988937378,4.970574182868,5.11142559587956,0.524713635444641,1.27146327495575,0.529235124588013,0.471566706895828,0.146377146244049,0.248997643589973,1.84904932975769
2017,Bhutan,NA,97,5.01100015640259,4.94266575068235,5.07933456212282,0.885416388511658,1.34012651443481,0.495879292488098,0.501537680625916,0.173380389809608,0.474054545164108,1.14018440246582
2017,Kyrgyzstan,NA,98,5.00400018692017,4.91808047071099,5.08991990312934,0.596220076084137,1.39423859119415,0.553457796573639,0.454943388700485,0.0394391790032387,0.42858037352562,1.53672313690186
2017,Nepal,NA,99,4.96199989318848,4.85664370700717,5.06735607936978,0.479820191860199,1.17928326129913,0.504130780696869,0.440305948257446,0.0729755461215973,0.394096165895462,1.8912410736084
2017,Mongolia,NA,100,4.95499992370605,4.88832033827901,5.0216795091331,1.02723586559296,1.4930112361908,0.557783484458923,0.394143968820572,0.0329022891819477,0.338464230298996,1.11129236221313
2017,South Africa,NA,101,4.8289999961853,4.72856480464339,4.92943518772721,1.05469870567322,1.38478863239288,0.187080070376396,0.479246735572815,0.0725094974040985,0.139362379908562,1.51090860366821
2017,Tunisia,NA,102,4.80499982833862,4.72563264966011,4.88436700701714,1.00726580619812,0.868351459503174,0.613212049007416,0.289680689573288,0.0867231488227844,0.0496933571994305,1.89025115966797
2017,Palestinian Territories,NA,103,4.77500009536743,4.66815184816718,4.88184834256768,0.716249227523804,1.15564715862274,0.565666973590851,0.25471106171608,0.0892826020717621,0.114173173904419,1.8788902759552
2017,Egypt,NA,104,4.7350001335144,4.64486647740006,4.82513378962874,0.989701807498932,0.997471392154694,0.520187258720398,0.282110154628754,0.114381365478039,0.128631442785263,1.70216107368469
2017,Bulgaria,NA,105,4.71400022506714,4.62430574372411,4.80369470641017,1.1614590883255,1.43437945842743,0.708217680454254,0.289231717586517,0.0110515309497714,0.113177694380283,0.996139287948608
2017,Sierra Leone,NA,106,4.70900011062622,4.56735688626766,4.85064333498478,0.36842092871666,0.984136044979095,0.00556475389748812,0.318697690963745,0.0710951760411263,0.293040901422501,2.66845989227295
2017,Cameroon,NA,107,4.69500017166138,4.5934594860673,4.79654085725546,0.564305365085602,0.946018218994141,0.132892116904259,0.430388748645782,0.0513066314160824,0.236298456788063,2.3336455821991
2017,Iran,NA,108,4.69199991226196,4.58577511683106,4.79822470769286,1.15687310695648,0.711551249027252,0.639333188533783,0.249322608113289,0.048761073499918,0.387242913246155,1.49873495101929
2017,Albania,NA,109,4.64400005340576,4.53553610041738,4.75246400639415,0.996192753314972,0.803685247898102,0.731159746646881,0.381498634815216,0.0398642159998417,0.201312944293022,1.49044156074524
2017,Bangladesh,NA,110,4.60799980163574,4.52617794498801,4.68982165828347,0.586682975292206,0.735131740570068,0.533241033554077,0.478356659412384,0.123717859387398,0.172255352139473,1.97873616218567
2017,Namibia,NA,111,4.57399988174438,4.37764502257109,4.77035474091768,0.964434325695038,1.0984708070755,0.33861181139946,0.520303547382355,0.0931469723582268,0.0771337449550629,1.4818902015686
2017,Kenya,NA,112,4.55299997329712,4.45030835598707,4.65569159060717,0.560479462146759,1.06795072555542,0.309988349676132,0.452763766050339,0.0646413192152977,0.444860309362411,1.6519021987915
2017,Mozambique,NA,113,4.55000019073486,4.3258980551362,4.77410232633352,0.234305649995804,0.870701014995575,0.106654435396194,0.480791091918945,0.179436385631561,0.322228103876114,2.35565090179443
2017,Myanmar,NA,114,4.54500007629395,4.47526020616293,4.61473994642496,0.367110550403595,1.12323594093323,0.397522568702698,0.514492034912109,0.188816204667091,0.838075160980225,1.11529040336609
2017,Senegal,NA,115,4.53499984741211,4.46839591354132,4.6016037812829,0.479309022426605,1.17969191074371,0.409362852573395,0.377922266721725,0.115460447967052,0.183468893170357,1.78964614868164
2017,Zambia,NA,116,4.51399993896484,4.38389437645674,4.64410550147295,0.636406779289246,1.00318729877472,0.257835894823074,0.461603492498398,0.0782135501503944,0.249580144882202,1.82670545578003
2017,Iraq,NA,117,4.49700021743774,4.37140902519226,4.62259140968323,1.10271048545837,0.978613197803497,0.50118046998977706,0.288555532693863,0.107215754687786,0.19963726401329,1.31890726089478
2017,Gabon,NA,118,4.46500015258789,4.37263853952289,4.5573617656529,1.1982102394104,1.1556202173233,0.356578588485718,0.312328577041626,0.0760467872023582,0.0437853783369064,1.32291626930237
2017,Ethiopia,NA,119,4.46000003814697,4.377271399647,4.54272867664695,0.339233845472336,0.86466920375824,0.353409707546234,0.408842742443085,0.165455713868141,0.312650740146637,2.01574373245239
2017,Sri Lanka,NA,120,4.44000005722046,4.32655292212963,4.55344719231129,1.00985014438629,1.25997638702393,0.625130832195282,0.561213254928589,0.0736539661884308,0.490863561630249,0.419389247894287
2017,Armenia,NA,121,4.37599992752075,4.28526524275541,4.46673461228609,0.900596737861633,1.00748372077942,0.637524425983429,0.198303267359734,0.0266744215041399,0.0834880918264389,1.5214991569519
2017,India,NA,122,4.31500005722046,4.25847809694707,4.37152201749384,0.792221248149872,0.754372596740723,0.455427616834641,0.469987004995346,0.0922268852591515,0.231538489460945,1.5191171169281
2017,Mauritania,NA,123,4.29199981689453,4.20683601751924,4.37716361626983,0.648457288742065,1.2720308303833,0.285349279642105,0.0960980430245399,0.13695700466632801,0.201870024204254,1.65163731575012
2017,Congo (Brazzaville),NA,124,4.29099988937378,4.17194627374411,4.41005350500345,0.808964252471924,0.832044363021851,0.28995743393898,0.435025870800018,0.0796181336045265,0.120852127671242,1.72413563728333
2017,Georgia,NA,125,4.28599977493286,4.19706558406353,4.37493396580219,0.950612664222717,0.57061493396759,0.649546980857849,0.309410035610199,0.251666635274887,0.0540088154375553,1.50013780593872
2017,Congo (Kinshasa),NA,126,4.28000020980835,4.20218958690763,4.35781083270907,0.0921023488044739,1.22902345657349,0.191407024860382,0.235961347818375,0.0602413564920425,0.246455833315849,2.22495865821838
2017,Mali,NA,127,4.19000005722046,4.11032940343022,4.26967071101069,0.476180493831635,1.28147339820862,0.169365674257278,0.306613743305206,0.104970246553421,0.183354198932648,1.66819095611572
2017,Ivory Coast,NA,128,4.17999982833862,4.08481709346175,4.27518256321549,0.603048920631409,0.904780030250549,0.0486421696841717,0.447706192731857,0.130061775445938,0.201237469911575,1.84496426582336
2017,Cambodia,NA,129,4.16800022125244,4.05748262897134,4.27851781353354,0.601765096187592,1.00623834133148,0.429783403873444,0.633375823497772,0.0681059509515762,0.385922968387604,1.04294109344482
2017,Sudan,NA,130,4.13899993896484,3.9322527128458,4.34574716508389,0.65951669216156,1.21400856971741,0.290920823812485,0.0149958552792668,0.089847519993782,0.182317450642586,1.68706583976746
2017,Ghana,NA,131,4.11999988555908,4.01729256257415,4.22270720854402,0.667224824428558,0.873664736747742,0.295637726783752,0.423026293516159,0.0253363698720932,0.256923943758011,1.57786750793457
2017,Ukraine,NA,132,4.09600019454956,4.00659028455615,4.18541010454297,0.89465194940567,1.39453756809235,0.575903952121735,0.122974775731564,0.0230294708162546,0.270061463117599,0.814382314682007
2017,Uganda,NA,133,4.08099985122681,3.96619973540306,4.19579996705055,0.381430715322495,1.12982773780823,0.217632606625557,0.443185955286026,0.057069718837738,0.325766056776047,1.526362657547
2017,Burkina Faso,NA,134,4.03200006484985,3.93994106531143,4.12405906438828,0.3502277135849,1.04328000545502,0.215844258666039,0.324367851018906,0.120328105986118,0.250864684581757,1.72721290588379
2017,Niger,NA,135,4.02799987792969,3.94405293613672,4.11194681972265,0.161925330758095,0.993025004863739,0.26850500702858,0.36365869641304,0.138572946190834,0.228673845529556,1.87398338317871
2017,Malawi,NA,136,3.97000002861023,3.86252123981714,4.07747881740332,0.233442038297653,0.512568831443787,0.315089583396912,0.466914653778076,0.0727116540074348,0.287170469760895,2.08178615570068
2017,Chad,NA,137,3.93600010871887,3.83728869348764,4.0347115239501,0.438012987375259,0.953855872154236,0.0411347150802612,0.16234202682972,0.0535818822681904,0.216113850474358,2.07123804092407
2017,Zimbabwe,NA,138,3.875,3.77130035728216,3.97869964271784,0.375846534967422,1.08309590816498,0.196763753890991,0.336384207010269,0.0953753814101219,0.189143493771553,1.59797024726868
2017,Lesotho,NA,139,3.80800008773804,3.5716561999917,4.04434397548437,0.521021246910095,1.19009518623352,0,0.390661299228668,0.119094640016556,0.157497271895409,1.42983531951904
2017,Angola,NA,140,3.79500007629395,3.63835821717978,3.95164193540812,0.858428180217743,1.10441195964813,0.0498686656355858,0,0.0697203353047371,0.097926490008831,1.61448240280151
2017,Afghanistan,NA,141,3.79399991035461,3.71433840543032,3.87366141527891,0.401477217674255,0.581543326377869,0.180746778845787,0.106179520487785,0.0611578300595284,0.311870932579041,2.15080118179321
2017,Botswana,NA,142,3.76600003242493,3.65787739858031,3.87412266626954,1.12209415435791,1.22155499458313,0.341755509376526,0.505196332931519,0.0985831990838051,0.0993484482169151,0.3779137134552
2017,Benin,NA,143,3.65700006484985,3.56821657836437,3.74578355133533,0.431085407733917,0.435299843549728,0.209930211305618,0.425962775945663,0.0609290152788162,0.207948461174965,1.88563096523285
2017,Madagascar,NA,144,3.64400005340576,3.57368100091815,3.71431910589337,0.305808693170547,0.913020372390747,0.375223308801651,0.189196765422821,0.0672319754958153,0.208732530474663,1.58461260795593
2017,Haiti,NA,145,3.6029999256134,3.4712850534915898,3.73471479773521,0.368610262870789,0.640449821949005,0.277321130037308,0.0303698573261499,0.0998721495270729,0.489203780889511,1.69716763496399
2017,Yemen,NA,146,3.59299993515015,3.49324955046177,3.69275031983852,0.591683447360992,0.93538224697113,0.310080915689468,0.249463722109795,0.0567674227058887,0.104125209152699,1.34560060501099
2017,South Sudan,NA,147,3.59100008010864,3.45646157443523,3.72553858578205,0.39724862575531,0.601323127746582,0.163486003875732,0.147062435746193,0.116793513298035,0.285670816898346,1.87956738471985
2017,Liberia,NA,148,3.53299999237061,3.41224372386932,3.65375626087189,0.119041793048382,0.872117936611176,0.229918196797371,0.332881182432175,0.0389482490718365,0.26654988527298,1.67328596115112
2017,Guinea,NA,149,3.50699996948242,3.4295718100667,3.58442812889814,0.244549930095673,0.791244685649872,0.194129139184952,0.348587512969971,0.110937617719173,0.264815092086792,1.55231189727783
2017,Togo,NA,150,3.49499988555908,3.39596165940166,3.59403811171651,0.305444717407227,0.431882530450821,0.247105568647385,0.38042613863945,0.0956650152802467,0.196896150708199,1.83722925186157
2017,Rwanda,NA,151,3.47099995613098,3.39896967872977,3.54303023353219,0.368745893239975,0.945707023143768,0.326424807310104,0.581843852996826,0.455220013856888,0.252756029367447,0.540061235427856
2017,Syria,NA,152,3.46199989318848,3.26033122956753,3.66366855680943,0.777153134346008,0.396102607250214,0.50053334236145,0.0815394446253777,0.151347130537033,0.493663728237152,1.06157350540161
2017,Tanzania,NA,153,3.34899997711182,3.23657019883394,3.4614297553896902,0.511135876178741,1.04198980331421,0.364509284496307,0.390017777681351,0.0660351067781448,0.354256361722946,0.621130466461182
2017,Burundi,NA,154,2.90499997138977,2.73530960977077,3.07469033300877,0.091622568666935,0.629793584346771,0.151610791683197,0.0599007532000542,0.0841479450464249,0.204435184597969,1.68302416801453
2017,Central African Republic,NA,155,2.69300007820129,2.52111588716507,2.86488426923752,0,0,0.0187726859003305,0.270842045545578,0.0565650761127472,0.280876487493515,2.06600475311279
